timeOpen;timeClose;timeHigh;timeLow;name;open;high;low;close;volume;marketCap;circulatingSupply;timestamp
"2025-12-15T00:00:00.000Z";"2025-12-21T23:59:59.999Z";"2025-12-16T04:50:00.000Z";"2025-12-15T15:06:00.000Z";"2781";1.0001251207;1.0015523082;0.9981020936;0.9997241369;584574666443.17;186771364492;186824255260;"2025-12-21T23:59:59.999Z"
"2025-12-08T00:00:00.000Z";"2025-12-14T23:59:59.999Z";"2025-12-14T23:33:00.000Z";"2025-12-10T19:01:00.000Z";"2781";1.0002846974;1.0017589196;0.9984328687;1.0001987314;592665530472.28;186274485506.03;186251181624.37;"2025-12-14T23:59:59.999Z"
"2025-12-01T00:00:00.000Z";"2025-12-07T23:59:59.999Z";"2025-12-01T00:33:00.000Z";"2025-12-05T15:03:00.000Z";"2781";1.0001024018;1.0015246593;0.9992231908;1.0003305697;692691346621.59;185684949885.02;185632100913.85;"2025-12-07T23:59:59.999Z"
"2025-11-24T00:00:00.000Z";"2025-11-30T23:59:59.999Z";"2025-11-24T14:44:00.000Z";"2025-11-24T02:02:00.000Z";"2781";0.9996361931;1.0015679012;0.9990808412;1.0001848451;617958641885.6;184624009343.09;184605105442.18;"2025-11-30T23:59:59.999Z"
"2025-11-17T00:00:00.000Z";"2025-11-23T23:59:59.999Z";"2025-11-19T03:50:00.000Z";"2025-11-21T12:38:00.000Z";"2781";0.9992453257;1.00328361;0.9978078933;0.9996796222;1098194433740.17;184427870489.64;184494991046.93;"2025-11-23T23:59:59.999Z"
"2025-11-10T00:00:00.000Z";"2025-11-16T23:59:59.999Z";"2025-11-16T23:03:00.000Z";"2025-11-14T13:52:00.000Z";"2781";0.9999436752;1.0019296256;0.9987135498;0.999262148;957077720176.18;183901571243.02;184040461847.42;"2025-11-16T23:59:59.999Z"
"2025-11-03T00:00:00.000Z";"2025-11-09T23:59:59.999Z";"2025-11-03T15:31:00.000Z";"2025-11-04T18:37:00.000Z";"2781";1.0001347766;1.0018015421;0.9983403317;1.0000356003;1099375893245.01;183460044305.03;183470378236.23;"2025-11-09T23:59:59.999Z"
"2025-10-27T00:00:00.000Z";"2025-11-02T23:59:59.999Z";"2025-10-29T18:36:00.000Z";"2025-10-31T15:09:00.000Z";"2781";0.9999630497;1.0020650705;0.9990802321;1.0000656255;860787705298.63;183478306176.7;183453580925.96;"2025-11-02T23:59:59.999Z"
"2025-10-20T00:00:00.000Z";"2025-10-26T23:59:59.999Z";"2025-10-21T22:32:00.000Z";"2025-10-24T12:31:00.000Z";"2781";1.0004176521;1.001932526;0.998959264;1.0000341241;914512985020.44;183162742103.75;183169510265.64;"2025-10-26T23:59:59.999Z"
"2025-10-13T00:00:00.000Z";"2025-10-19T23:59:59.999Z";"2025-10-15T10:27:00.000Z";"2025-10-17T11:14:00.000Z";"2781";1.0011807731;1.0020255477;0.9993098718;1.000400727;1178836622417.43;181945500670.18;181869542480.94;"2025-10-19T23:59:59.999Z"
"2025-10-06T00:00:00.000Z";"2025-10-12T23:59:59.999Z";"2025-10-10T22:38:00.000Z";"2025-10-10T21:23:00.000Z";"2781";1.0001732938;1.0075124922;0.9981252515;1.0012573547;1510068513460.86;180007826846.03;179795529123.31;"2025-10-12T23:59:59.999Z"
"2025-09-29T00:00:00.000Z";"2025-10-05T23:59:59.999Z";"2025-09-30T13:34:00.000Z";"2025-10-05T09:48:00.000Z";"2781";1.000189733;1.0016255588;0.9995295012;1.0001978683;1059753940747.5;177061378785.11;177030700465.63;"2025-10-05T23:59:59.999Z"
"2025-09-22T00:00:00.000Z";"2025-09-28T23:59:59.999Z";"2025-09-25T12:30:00.000Z";"2025-09-25T04:45:00.000Z";"2781";1.0004505935;1.0021094492;0.9996477741;1.0003497216;981470468344.35;174405212833.02;174372128682.21;"2025-09-28T23:59:59.999Z"
"2025-09-15T00:00:00.000Z";"2025-09-21T23:59:59.999Z";"2025-09-21T02:22:00.000Z";"2025-09-17T18:01:00.000Z";"2781";1.0005184011;1.0017650883;0.99964458;1.0004233221;827577566020.04;172015447905.56;171937973765.3;"2025-09-21T23:59:59.999Z"
"2025-09-08T00:00:00.000Z";"2025-09-14T23:59:59.999Z";"2025-09-12T20:01:00.000Z";"2025-09-12T12:29:00.000Z";"2781";1.0000955443;1.001188126;0.9993860798;1.0005281852;860304338043.35;170313745039.63;170225499954.09;"2025-09-14T23:59:59.999Z"
"2025-09-01T00:00:00.000Z";"2025-09-07T23:59:59.999Z";"2025-09-05T12:32:00.000Z";"2025-09-06T00:40:00.000Z";"2781";0.9999560969;1.001637559;0.9993089635;1.0000934155;723377724938.22;168887729565.97;168871594839.54;"2025-09-07T23:59:59.999Z"
"2025-08-25T00:00:00.000Z";"2025-08-31T23:59:59.999Z";"2025-08-26T13:33:00.000Z";"2025-08-29T12:31:00.000Z";"2781";0.9998720571;1.0022055201;0.9992964388;1.0000598818;843555942092.83;168000085051;168007461104.55;"2025-08-31T23:59:59.999Z"
"2025-08-18T00:00:00.000Z";"2025-08-24T23:59:59.999Z";"2025-08-24T19:37:00.000Z";"2025-08-24T19:44:00.000Z";"2781";1.0006163125;1.001835859;0.9989144053;0.9998869003;927440772097.89;167129154657.97;167150540381.16;"2025-08-24T23:59:59.999Z"
"2025-08-11T00:00:00.000Z";"2025-08-17T23:59:59.999Z";"2025-08-16T10:00:00.000Z";"2025-08-13T14:28:00.000Z";"2781";1.0002524917;1.0017015062;0.9987498101;1.0006551869;984369330902.21;166760476828.86;166657763574.2;"2025-08-17T23:59:59.999Z"
"2025-08-04T00:00:00.000Z";"2025-08-10T23:59:59.999Z";"2025-08-08T00:44:00.000Z";"2025-08-05T14:41:00.000Z";"2781";1.0001182247;1.0014928224;0.9994637419;1.0002508379;733901083013.48;164551954450.11;164510416936.17;"2025-08-10T23:59:59.999Z"
"2025-07-28T00:00:00.000Z";"2025-08-03T23:59:59.999Z";"2025-07-29T00:35:00.000Z";"2025-08-01T20:03:00.000Z";"2781";1.0002879342;1.0014797;0.9989316399;1.0000495458;783027786944.75;163913847476.6;163894471105.53;"2025-08-03T23:59:59.999Z"
"2025-07-21T00:00:00.000Z";"2025-07-27T23:59:59.999Z";"2025-07-24T13:56:00.000Z";"2025-07-25T07:17:00.000Z";"2781";1.0002944664;1.0014551104;0.9995245844;1.0002606385;913237288508.66;163620313656.13;163573215329.81;"2025-07-27T23:59:59.999Z"
"2025-07-14T00:00:00.000Z";"2025-07-20T23:59:59.999Z";"2025-07-18T14:18:00.000Z";"2025-07-14T13:38:00.000Z";"2781";1.0004023264;1.0016748571;0.9990723765;1.0002168974;946189139393.81;161643190485.09;161595606003.14;"2025-07-20T23:59:59.999Z"
"2025-07-07T00:00:00.000Z";"2025-07-13T23:59:59.999Z";"2025-07-08T00:50:00.000Z";"2025-07-13T12:52:00.000Z";"2781";1.0002469264;1.0014471792;0.9987206184;1.0003864421;638321103073.2;159549358546.54;159485193434.85;"2025-07-13T23:59:59.999Z"
"2025-06-30T00:00:00.000Z";"2025-07-06T23:59:59.999Z";"2025-07-02T17:26:00.000Z";"2025-07-06T22:02:00.000Z";"2781";1.0002031994;1.001758663;0.9997030891;1.0002361391;431591862499.47;158665833864.47;158626664755.6;"2025-07-06T23:59:59.999Z"
"2025-06-23T00:00:00.000Z";"2025-06-29T23:59:59.999Z";"2025-06-23T22:34:00.000Z";"2025-06-26T10:06:00.000Z";"2781";1.0003006322;1.0018641912;0.9996513544;1.0002708508;452038094287.92;157608945726.65;157576926188.23;"2025-06-29T23:59:59.999Z"
"2025-06-16T00:00:00.000Z";"2025-06-22T23:59:59.999Z";"2025-06-22T20:10:00.000Z";"2025-06-21T23:51:00.000Z";"2781";1.0001404545;1.0020822345;0.9992831044;1.0002508047;528537774996.05;155844861557.56;155798023657.84;"2025-06-22T23:59:59.999Z"
"2025-06-09T00:00:00.000Z";"2025-06-15T23:59:59.999Z";"2025-06-15T20:38:00.000Z";"2025-06-10T20:00:00.000Z";"2781";1.0004403352;1.0012911522;0.9990296774;1.0000494058;555009426462.44;155468379548.72;155446546382.87;"2025-06-15T23:59:59.999Z"
"2025-06-02T00:00:00.000Z";"2025-06-08T23:59:59.999Z";"2025-06-06T12:43:00.000Z";"2025-06-05T02:34:00.000Z";"2781";1.0002325848;1.0016186425;0.9991744447;1.0004264637;478493793687.2;154828982738.63;154760836092.27;"2025-06-08T23:59:59.999Z"
"2025-05-26T00:00:00.000Z";"2025-06-01T23:59:59.999Z";"2025-05-31T01:35:00.000Z";"2025-05-28T20:22:00.000Z";"2781";1.0002234401;1.0009033192;0.9988658937;1.0003049759;585533355547.54;153132701932.85;153097093881.31;"2025-06-01T23:59:59.999Z"
"2025-05-19T00:00:00.000Z";"2025-05-25T23:59:59.999Z";"2025-05-21T23:34:00.000Z";"2025-05-22T13:40:00.000Z";"2781";1.0003041016;1.0010257956;0.9988614912;1.0003196032;658398917110.74;152767081418.98;152732954758.04;"2025-05-25T23:59:59.999Z"
"2025-05-12T00:00:00.000Z";"2025-05-18T23:59:59.999Z";"2025-05-13T16:38:00.000Z";"2025-05-12T14:33:00.000Z";"2781";1.0001325865;1.0008413028;0.999216996;1.0004244923;626034233224.52;151335804939.69;151289797465.8;"2025-05-18T23:59:59.999Z"
"2025-05-05T00:00:00.000Z";"2025-05-11T23:59:59.999Z";"2025-05-05T13:37:00.000Z";"2025-05-10T16:17:00.000Z";"2781";1.0000372318;1.001528769;0.9990891875;1.000124551;580480507358.73;149896975087.45;149877103413.61;"2025-05-11T23:59:59.999Z"
"2025-04-28T00:00:00.000Z";"2025-05-04T23:59:59.999Z";"2025-04-30T18:09:00.000Z";"2025-04-30T14:40:00.000Z";"2781";1.0003474158;1.0013655536;0.9997637991;1.0000235645;384033583868.37;149359715814.12;149354155091.78;"2025-05-04T23:59:59.999Z"
"2025-04-21T00:00:00.000Z";"2025-04-27T23:59:59.999Z";"2025-04-27T01:21:00.000Z";"2025-04-21T00:32:00.000Z";"2781";0.9999239169;1.0011206487;0.9982191004;1.0003468314;508177711445.85;147179532204.93;147128417471.41;"2025-04-27T23:59:59.999Z"
"2025-04-14T00:00:00.000Z";"2025-04-20T23:59:59.999Z";"2025-04-16T17:52:00.000Z";"2025-04-17T16:32:00.000Z";"2781";0.9996950709;1.0006461552;0.9987438416;0.9999119703;331788261451.38;144629108172.58;144640112843.02;"2025-04-20T23:59:59.999Z"
"2025-04-07T00:00:00.000Z";"2025-04-13T23:59:59.999Z";"2025-04-07T14:24:00.000Z";"2025-04-07T07:47:00.000Z";"2781";0.9993063802;1.0010064331;0.9979377614;0.9996533194;644638056797.5;144345477533.77;144389506100.82;"2025-04-13T23:59:59.999Z"
"2025-03-31T00:00:00.000Z";"2025-04-06T23:59:59.999Z";"2025-03-31T00:42:00.000Z";"2025-04-02T20:17:00.000Z";"2781";0.9999040919;1.0014821266;0.9981921215;0.9992761127;472696426202.1;143986738620.77;144086679997.87;"2025-04-06T23:59:59.999Z"
"2025-03-24T00:00:00.000Z";"2025-03-30T23:59:59.999Z";"2025-03-26T02:04:00.000Z";"2025-03-28T20:21:00.000Z";"2781";1.0001129447;1.0013178637;0.9990161316;0.9998702769;395424885783.5;144168520864.65;144182349120.79;"2025-03-30T23:59:59.999Z"
"2025-03-17T00:00:00.000Z";"2025-03-23T23:59:59.999Z";"2025-03-19T18:01:00.000Z";"2025-03-17T12:31:00.000Z";"2781";1.0001337243;1.0018751803;0.9989318949;1.0000174022;372091308945.71;143487646962.75;143487285485.53;"2025-03-23T23:59:59.999Z"
"2025-03-10T00:00:00.000Z";"2025-03-16T23:59:59.999Z";"2025-03-11T13:29:00.000Z";"2025-03-10T21:13:00.000Z";"2781";0.9997721282;1.0024670073;0.9987080202;1.0001117273;611898158310.14;143484211111.84;143465026352.84;"2025-03-16T23:59:59.999Z"
"2025-03-03T00:00:00.000Z";"2025-03-09T23:59:59.999Z";"2025-03-07T01:21:00.000Z";"2025-03-03T20:46:00.000Z";"2781";1.0000823528;1.0021404301;0.9985235732;0.9997331583;668711355704.82;142767254406.16;142799794449.02;"2025-03-09T23:59:59.999Z"
"2025-02-24T00:00:00.000Z";"2025-03-02T23:59:59.999Z";"2025-03-02T17:48:00.000Z";"2025-02-26T20:28:00.000Z";"2781";1.0000721236;1.0029846513;0.997832766;1.0001251616;1064882344955.54;142438646828.37;142414921751.05;"2025-03-02T23:59:59.999Z"
"2025-02-17T00:00:00.000Z";"2025-02-23T23:59:59.999Z";"2025-02-21T17:57:00.000Z";"2025-02-21T19:52:00.000Z";"2781";1.0001323807;1.0014554193;0.9988377395;1.0001148564;517816761566.94;142499822974.57;142489546118.15;"2025-02-23T23:59:59.999Z"
"2025-02-10T00:00:00.000Z";"2025-02-16T23:59:59.999Z";"2025-02-12T13:31:00.000Z";"2025-02-13T06:13:00.000Z";"2781";1.000178083;1.0023922057;0.9989947903;1.0000852467;612649187178.62;142015302746.75;141996505143.64;"2025-02-16T23:59:59.999Z"
"2025-02-03T00:00:00.000Z";"2025-02-09T23:59:59.999Z";"2025-02-03T16:06:00.000Z";"2025-02-03T02:09:00.000Z";"2781";0.9997237887;1.0025149185;0.9975863263;1.0001940164;882770239812.52;141762382489;141737141514.88;"2025-02-09T23:59:59.999Z"
"2025-01-27T00:00:00.000Z";"2025-02-02T23:59:59.999Z";"2025-01-27T23:27:00.000Z";"2025-02-02T20:02:00.000Z";"2781";0.9997107418;1.0013163846;0.9984267638;0.9997595849;840810437899.08;139370731417.3;139404246308.18;"2025-02-02T23:59:59.999Z"
"2025-01-20T00:00:00.000Z";"2025-01-26T23:59:59.999Z";"2025-01-20T17:05:00.000Z";"2025-01-20T07:01:00.000Z";"2781";0.9989860788;1.0010012373;0.9976087208;0.9996496338;951578417642.74;139289573910.06;139329876218.6;"2025-01-26T23:59:59.999Z"
"2025-01-13T00:00:00.000Z";"2025-01-19T23:59:59.999Z";"2025-01-13T15:25:00.000Z";"2025-01-19T11:01:00.000Z";"2781";0.9995413559;1.0010009363;0.9978813656;0.999032817;1140581521246.01;138215527520.66;138355809408.55;"2025-01-19T23:59:59.999Z"
"2025-01-06T00:00:00.000Z";"2025-01-12T23:59:59.999Z";"2025-01-10T13:31:00.000Z";"2025-01-07T21:01:00.000Z";"2781";0.9998524668;1.0014641509;0.9988778195;0.9995340948;908683688505.77;137388313633.26;137451354879.7;"2025-01-12T23:59:59.999Z"
"2024-12-30T00:00:00.000Z";"2025-01-05T23:59:59.999Z";"2025-01-02T15:11:00.000Z";"2024-12-30T15:12:00.000Z";"2781";0.998155715;1.0006060697;0.9971464024;0.9998543493;722389417232.85;137250898906.86;137271150958.82;"2025-01-05T23:59:59.999Z"
"2024-12-23T00:00:00.000Z";"2024-12-29T23:59:59.999Z";"2024-12-26T17:21:00.000Z";"2024-12-29T21:05:00.000Z";"2781";0.9990234777;1.0005977841;0.9976152774;0.9981475179;803546858823.05;138748711789.93;139005076766.8;"2024-12-29T23:59:59.999Z"
"2024-12-16T00:00:00.000Z";"2024-12-22T23:59:59.999Z";"2024-12-20T21:37:00.000Z";"2024-12-19T18:27:00.000Z";"2781";0.9993466354;1.0007171317;0.9976903091;0.999072968;1735662831608.44;139736226727.99;139872815646.75;"2024-12-22T23:59:59.999Z"
"2024-12-09T00:00:00.000Z";"2024-12-15T23:59:59.999Z";"2024-12-09T21:06:00.000Z";"2024-12-09T21:06:00.000Z";"2781";1.0006832219;1.0023960583;0.9981720218;0.9994379918;1415064013724.97;140162036067.23;140253672849.48;"2024-12-15T23:59:59.999Z"
"2024-12-02T00:00:00.000Z";"2024-12-08T23:59:59.999Z";"2024-12-04T21:03:00.000Z";"2024-12-03T14:01:00.000Z";"2781";1.0007921296;1.0026832825;0.999358259;1.0008011372;1462410622457.99;138022722412.78;137928486646.92;"2024-12-08T23:59:59.999Z"
"2024-11-25T00:00:00.000Z";"2024-12-01T23:59:59.999Z";"2024-11-27T20:38:00.000Z";"2024-11-26T20:53:00.000Z";"2781";1.0010403724;1.0016598904;0.9990270224;1.0007624504;1178369468794.79;134144285330.88;134038109772.86;"2024-12-01T23:59:59.999Z"
"2024-11-18T00:00:00.000Z";"2024-11-24T23:59:59.999Z";"2024-11-23T16:24:00.000Z";"2024-11-21T12:23:00.000Z";"2781";1.0002009014;1.002671034;0.9989759562;1.0008625683;1345093275278.35;132552148318.01;132437169724.18;"2024-11-24T23:59:59.999Z"
"2024-11-11T00:00:00.000Z";"2024-11-17T23:59:59.999Z";"2024-11-13T16:06:00.000Z";"2024-11-12T14:35:00.000Z";"2781";1.0007622752;1.0027020358;0.9991845213;1.0002189078;1354455092641.2;127562925986.62;127537303558.55;"2024-11-17T23:59:59.999Z"
"2024-11-04T00:00:00.000Z";"2024-11-10T23:59:59.999Z";"2024-11-07T20:59:00.000Z";"2024-11-04T09:23:00.000Z";"2781";0.9995763787;1.0018000406;0.9989084679;1.0006928905;782363316815.5;123294894268.97;123200981216.89;"2024-11-10T23:59:59.999Z"
"2024-10-28T00:00:00.000Z";"2024-11-03T23:59:59.999Z";"2024-10-30T15:11:00.000Z";"2024-11-01T01:35:00.000Z";"2781";0.9986935141;1.0007882538;0.9981597262;0.9995908102;526801339627.56;120525662308.96;120576741184.33;"2024-11-03T23:59:59.999Z"
"2024-10-21T00:00:00.000Z";"2024-10-27T23:59:59.999Z";"2024-10-22T00:33:00.000Z";"2024-10-25T20:47:00.000Z";"2781";0.9996911932;1.000534112;0.9969260162;0.9987454662;400652880515.63;120188351108.25;120339320858.66;"2024-10-27T23:59:59.999Z"
"2024-10-14T00:00:00.000Z";"2024-10-20T23:59:59.999Z";"2024-10-15T21:09:00.000Z";"2024-10-14T14:42:00.000Z";"2781";0.9995484054;1.0011322565;0.9981383123;0.9997024261;413222777447.41;120131870663.43;120168979663.92;"2024-10-20T23:59:59.999Z"
"2024-10-07T00:00:00.000Z";"2024-10-13T23:59:59.999Z";"2024-10-12T15:19:00.000Z";"2024-10-10T19:05:00.000Z";"2781";0.9997962982;1.0011429787;0.9985089762;0.9995565494;380734013267.72;119684031434.47;119738104513.94;"2024-10-13T23:59:59.999Z"
"2024-09-30T00:00:00.000Z";"2024-10-06T23:59:59.999Z";"2024-10-01T13:36:00.000Z";"2024-10-01T03:23:00.000Z";"2781";1.0001408567;1.0017697988;0.9990742979;0.9998459695;398550935863.6;119652966331.92;119677344821.67;"2024-10-06T23:59:59.999Z"
"2024-09-23T00:00:00.000Z";"2024-09-29T23:59:59.999Z";"2024-09-29T22:13:00.000Z";"2024-09-26T02:36:00.000Z";"2781";1.0001118664;1.0019301179;0.9995525194;1.0001396297;374484826589.39;119535637477;119518802450.52;"2024-09-29T23:59:59.999Z"
"2024-09-16T00:00:00.000Z";"2024-09-22T23:59:59.999Z";"2024-09-18T19:34:00.000Z";"2024-09-16T13:33:00.000Z";"2781";1.0000538543;1.0019521115;0.9994651433;1.0000883688;377531045538.85;119175568394.81;119162238140.34;"2024-09-22T23:59:59.999Z"
"2024-09-09T00:00:00.000Z";"2024-09-15T23:59:59.999Z";"2024-09-14T18:08:00.000Z";"2024-09-11T01:38:00.000Z";"2781";1.0001449823;1.0021886913;0.999345196;1.000068364;371342487739.28;118816936252.37;118810537791.35;"2024-09-15T23:59:59.999Z"
"2024-09-02T00:00:00.000Z";"2024-09-08T23:59:59.999Z";"2024-09-02T01:25:00.000Z";"2024-09-06T19:46:00.000Z";"2781";1.0000379132;1.0017378982;0.9986448442;0.9999346108;371136951674.45;118212522814.75;118195386570.65;"2024-09-08T23:59:59.999Z"
"2024-08-26T00:00:00.000Z";"2024-09-01T23:59:59.999Z";"2024-08-29T18:16:00.000Z";"2024-09-01T18:28:00.000Z";"2781";1.000512878;1.0024287695;0.9992096187;1.0000057832;356390772596.19;118233284750.36;118228802316.48;"2024-09-01T23:59:59.999Z"
"2024-08-19T00:00:00.000Z";"2024-08-25T23:59:59.999Z";"2024-08-23T22:28:00.000Z";"2024-08-21T13:58:00.000Z";"2781";1.0003887586;1.0019330762;0.999436611;1.0005452761;352198429567.77;117924482898.19;117860216534.16;"2024-08-25T23:59:59.999Z"
"2024-08-12T00:00:00.000Z";"2024-08-18T23:59:59.999Z";"2024-08-13T00:34:00.000Z";"2024-08-16T02:33:00.000Z";"2781";1.0000471645;1.0018650228;0.9995865343;1.0006415178;334977685776.56;116930616831;116885176708.03;"2024-08-18T23:59:59.999Z"
"2024-08-05T00:00:00.000Z";"2024-08-11T23:59:59.999Z";"2024-08-05T18:24:00.000Z";"2024-08-08T21:43:00.000Z";"2781";0.9996056441;1.0024999132;0.9986223644;1.0000454284;599479869677.6;115644012878.4;115638558844.63;"2024-08-11T23:59:59.999Z"
"2024-07-29T00:00:00.000Z";"2024-08-04T23:59:59.999Z";"2024-07-29T16:32:00.000Z";"2024-08-03T00:31:00.000Z";"2781";0.9999143932;1.0012630083;0.9983031269;0.999680481;413215400274.79;114482501637.88;114527666301.35;"2024-08-04T23:59:59.999Z"
"2024-07-22T00:00:00.000Z";"2024-07-28T23:59:59.999Z";"2024-07-27T20:21:00.000Z";"2024-07-25T14:39:00.000Z";"2781";1.0001933352;1.0020439248;0.9993912862;0.9999081969;383009862652.78;114407348239.49;114417852149.83;"2024-07-28T23:59:59.999Z"
"2024-07-15T00:00:00.000Z";"2024-07-21T23:59:59.999Z";"2024-07-21T17:53:00.000Z";"2024-07-19T13:37:00.000Z";"2781";1.0004424882;1.0016858923;0.9996113626;1.0001910077;413906013479.64;114061252605.11;114039204814.28;"2024-07-21T23:59:59.999Z"
"2024-07-08T00:00:00.000Z";"2024-07-14T23:59:59.999Z";"2024-07-08T07:15:00.000Z";"2024-07-08T17:33:00.000Z";"2781";0.9998122584;1.0019150016;0.9994446569;1.0002796718;349896146547.66;112498379290.88;112466925458.78;"2024-07-14T23:59:59.999Z"
"2024-07-01T00:00:00.000Z";"2024-07-07T23:59:59.999Z";"2024-07-06T14:03:00.000Z";"2024-07-02T10:15:00.000Z";"2781";0.9983801635;1.0011566545;0.9982077178;0.9998319619;407870427424.9;112204931885.8;112223789756.28;"2024-07-07T23:59:59.999Z"
"2024-06-24T00:00:00.000Z";"2024-06-30T23:59:59.999Z";"2024-06-26T13:42:00.000Z";"2024-06-30T08:48:00.000Z";"2781";0.9993698479;1.0004950447;0.9972236508;0.9984086588;379125845309.89;112731812369.08;112911493076.32;"2024-06-30T23:59:59.999Z"
"2024-06-17T00:00:00.000Z";"2024-06-23T23:59:59.999Z";"2024-06-18T14:54:00.000Z";"2024-06-21T18:14:00.000Z";"2781";0.9993411754;1.001333893;0.9989584894;0.9993440386;349768394942.01;112867606177.86;112941691562.7;"2024-06-23T23:59:59.999Z"
"2024-06-10T00:00:00.000Z";"2024-06-16T23:59:59.999Z";"2024-06-12T16:27:00.000Z";"2024-06-11T11:48:00.000Z";"2781";0.9998829675;1.0004404438;0.998898476;0.9992930094;372022423386.53;112480370445.01;112559949271.12;"2024-06-16T23:59:59.999Z"
"2024-06-03T00:00:00.000Z";"2024-06-09T23:59:59.999Z";"2024-06-04T20:01:00.000Z";"2024-06-07T17:44:00.000Z";"2781";0.9993797086;1.0007858535;0.9987654038;0.9999038164;421697318196.43;112441148679.98;112451964717.43;"2024-06-09T23:59:59.999Z"
"2024-05-27T00:00:00.000Z";"2024-06-02T23:59:59.999Z";"2024-05-30T07:06:00.000Z";"2024-05-31T19:48:00.000Z";"2781";0.9994884109;1.0008857493;0.9983756154;0.9994031898;410969644421.42;112140407830.26;112210010734.73;"2024-06-02T23:59:59.999Z"
"2024-05-20T00:00:00.000Z";"2024-05-26T23:59:59.999Z";"2024-05-20T18:09:00.000Z";"2024-05-23T21:06:00.000Z";"2781";0.9999116687;1.0012187415;0.9984897925;0.9995280027;529251009598.05;111880094514.42;111937360452.83;"2024-05-26T23:59:59.999Z"
"2024-05-13T00:00:00.000Z";"2024-05-19T23:59:59.999Z";"2024-05-17T20:01:00.000Z";"2024-05-14T19:02:00.000Z";"2781";0.9995792017;1.001595386;0.9990621187;0.9999118671;376904208888.07;111425073390.45;111434916579.79;"2024-05-19T23:59:59.999Z"
"2024-05-06T00:00:00.000Z";"2024-05-12T23:59:59.999Z";"2024-05-10T14:11:00.000Z";"2024-05-12T23:56:00.000Z";"2781";1.0003288551;1.0024322139;0.9992371944;0.999566105;297217194012.47;110793360103.29;110840001385.83;"2024-05-12T23:59:59.999Z"
"2024-04-29T00:00:00.000Z";"2024-05-05T23:59:59.999Z";"2024-05-03T14:04:00.000Z";"2024-05-01T21:31:00.000Z";"2781";0.9997490014;1.0018828439;0.9980721249;1.0002542907;377078514445.53;110937481132.04;110901010765.95;"2024-05-05T23:59:59.999Z"
"2024-04-22T00:00:00.000Z";"2024-04-28T23:59:59.999Z";"2024-04-22T06:34:00.000Z";"2024-04-24T21:27:00.000Z";"2781";1.0002745891;1.0014632786;0.9988878127;0.9997317322;341204542390.7;110535161160.04;110562912301.68;"2024-04-28T23:59:59.999Z"
"2024-04-15T00:00:00.000Z";"2024-04-21T23:59:59.999Z";"2024-04-15T08:10:00.000Z";"2024-04-17T15:51:00.000Z";"2781";1.0011129368;1.00187846;0.999352944;1.000212647;469991387297.41;109857607038.35;109834251114.81;"2024-04-21T23:59:59.999Z"
"2024-04-08T00:00:00.000Z";"2024-04-14T23:59:59.999Z";"2024-04-13T20:47:00.000Z";"2024-04-12T17:30:00.000Z";"2781";0.9999310852;1.0032011411;0.9986953061;1.0010797536;580273437407.19;107793416399.18;107677151606.65;"2024-04-14T23:59:59.999Z"
"2024-04-01T00:00:00.000Z";"2024-04-07T23:59:59.999Z";"2024-04-01T05:49:00.000Z";"2024-04-04T09:38:00.000Z";"2781";1.000034359;1.0017128929;0.9989119251;0.9999243387;463397823406.19;106892900921.35;106900267935;"2024-04-07T23:59:59.999Z"
"2024-03-25T00:00:00.000Z";"2024-03-31T23:59:59.999Z";"2024-03-31T21:41:00.000Z";"2024-03-25T17:16:00.000Z";"2781";1.0000289832;1.0013483702;0.9990091596;1.0000398443;469114287231.55;104508939120.11;104505348425.46;"2024-03-31T23:59:59.999Z"
"2024-03-18T00:00:00.000Z";"2024-03-24T23:59:59.999Z";"2024-03-21T11:21:00.000Z";"2024-03-19T15:50:00.000Z";"2781";0.9994659486;1.0014621009;0.9984567104;0.9999839531;635109158546.13;104012399837.15;104009385313.68;"2024-03-24T23:59:59.999Z"
"2024-03-11T00:00:00.000Z";"2024-03-17T23:59:59.999Z";"2024-03-15T09:10:00.000Z";"2024-03-14T19:58:00.000Z";"2781";1.0009800752;1.0025366454;0.9982545719;0.9993705101;783343267526.07;103359725665.02;103414954568.18;"2024-03-17T23:59:59.999Z"
"2024-03-04T00:00:00.000Z";"2024-03-10T23:59:59.999Z";"2024-03-08T22:02:00.000Z";"2024-03-05T16:50:00.000Z";"2781";1.0004659556;1.0036188205;0.9986517346;1.0009942339;786244025922.37;101919864540.25;101818633001.27;"2024-03-10T23:59:59.999Z"
"2024-02-26T00:00:00.000Z";"2024-03-03T23:59:59.999Z";"2024-02-28T17:26:00.000Z";"2024-02-29T06:05:00.000Z";"2781";1.0000137216;1.0015761495;0.9989705678;1.0004506123;599542580711.49;99490448901.37;99445637470.68;"2024-03-03T23:59:59.999Z"
"2024-02-19T00:00:00.000Z";"2024-02-25T23:59:59.999Z";"2024-02-25T08:50:00.000Z";"2024-02-22T23:24:00.000Z";"2781";1.0002062971;1.0005263394;0.9990604034;0.999903834;351063841003.06;97901318957.19;97910734641.73;"2024-02-25T23:59:59.999Z"
"2024-02-12T00:00:00.000Z";"2024-02-18T23:59:59.999Z";"2024-02-14T01:26:00.000Z";"2024-02-15T15:35:00.000Z";"2781";1.0002702045;1.0013034076;0.9994058355;1.0002366368;390315475079.9;97680515793.24;97657406456.64;"2024-02-18T23:59:59.999Z"
"2024-02-05T00:00:00.000Z";"2024-02-11T23:59:59.999Z";"2024-02-10T07:15:00.000Z";"2024-02-06T08:15:00.000Z";"2781";0.9997365363;1.0009062153;0.9985622464;1.0002792665;255066280207.17;96368660202.02;96341755178.36;"2024-02-11T23:59:59.999Z"
"2024-01-29T00:00:00.000Z";"2024-02-04T23:59:59.999Z";"2024-01-29T17:22:00.000Z";"2024-02-01T09:16:00.000Z";"2781";0.9999938594;1.0005856641;0.9989065257;0.9997195267;229975282660.38;96204353027.08;96231343352.97;"2024-02-04T23:59:59.999Z"
"2024-01-22T00:00:00.000Z";"2024-01-28T23:59:59.999Z";"2024-01-25T23:03:00.000Z";"2024-01-23T15:06:00.000Z";"2781";0.9994532023;1.0005210375;0.9984745026;1.0000013991;268792502321.1;96036883956.2;96036749591.54;"2024-01-28T23:59:59.999Z"
"2024-01-15T00:00:00.000Z";"2024-01-21T23:59:59.999Z";"2024-01-20T18:10:00.000Z";"2024-01-18T20:43:00.000Z";"2781";0.9994924493;1.0009244103;0.9980333031;0.9994390864;264767252010.62;94876100829.9;94929347996.65;"2024-01-21T23:59:59.999Z"
"2024-01-08T00:00:00.000Z";"2024-01-14T23:59:59.999Z";"2024-01-08T09:37:00.000Z";"2024-01-12T17:57:00.000Z";"2781";1.0007140184;1.0013794516;0.9987601107;0.9994898184;427637454081.28;94962362320.48;95010835101.63;"2024-01-14T23:59:59.999Z"
"2024-01-01T00:00:00.000Z";"2024-01-07T23:59:59.999Z";"2024-01-03T12:12:00.000Z";"2024-01-01T01:39:00.000Z";"2781";0.9998814073;1.0036300082;0.9995744443;1.000606639;355688140155.56;93612632116.04;93555877475.62;"2024-01-07T23:59:59.999Z"
"2023-12-25T00:00:00.000Z";"2023-12-31T23:59:59.999Z";"2023-12-29T00:58:00.000Z";"2023-12-26T16:23:00.000Z";"2781";1.000780956;1.0014838875;0.999325495;0.9997300361;357567035307.54;91674848734.73;91699604322.08;"2023-12-31T23:59:59.999Z"
"2023-12-18T00:00:00.000Z";"2023-12-24T23:59:59.999Z";"2023-12-22T14:15:00.000Z";"2023-12-18T07:35:00.000Z";"2781";0.9993530525;1.0013438655;0.9988519414;1.0008803182;330892814297.4;91341148108.22;91260809555.42;"2023-12-24T23:59:59.999Z"
"2023-12-11T00:00:00.000Z";"2023-12-17T23:59:59.999Z";"2023-12-15T21:36:00.000Z";"2023-12-17T22:03:00.000Z";"2781";1.0000721146;1.0010335525;0.9985718121;0.9998774906;342118113951.2;90901370153.06;90912507793.55;"2023-12-17T23:59:59.999Z"
"2023-12-04T00:00:00.000Z";"2023-12-10T23:59:59.999Z";"2023-12-07T08:13:00.000Z";"2023-12-04T16:07:00.000Z";"2781";1.0003066996;1.0010615026;0.9990896491;1.0000439405;370543258264.64;90593424839.94;90589444292.8;"2023-12-10T23:59:59.999Z"
"2023-11-27T00:00:00.000Z";"2023-12-03T23:59:59.999Z";"2023-11-29T13:00:00.000Z";"2023-12-03T13:08:00.000Z";"2781";1.0002144372;1.0008165224;0.9993214027;1.0003092894;240983536889.09;89624710699.78;89596999295.47;"2023-12-03T23:59:59.999Z"
"2023-11-20T00:00:00.000Z";"2023-11-26T23:59:59.999Z";"2023-11-20T21:05:00.000Z";"2023-11-26T17:33:00.000Z";"2781";1.0004916778;1.0010066777;0.9996230168;1.0002106939;255183055672.09;88747520627.29;88728826002.73;"2023-11-26T23:59:59.999Z"
"2023-11-13T00:00:00.000Z";"2023-11-19T23:59:59.999Z";"2023-11-13T14:47:00.000Z";"2023-11-14T18:36:00.000Z";"2781";1.0002527838;1.0012309001;0.9995981492;1.0004536885;302847001400.66;87733369552.83;87693583982.65;"2023-11-19T23:59:59.999Z"
"2023-11-06T00:00:00.000Z";"2023-11-12T23:59:59.999Z";"2023-11-06T03:08:00.000Z";"2023-11-09T16:38:00.000Z";"2781";1.0006775034;1.0012085435;0.9995781517;1.0001427014;294227996554.5;86806526555.09;86794140911.01;"2023-11-12T23:59:59.999Z"
"2023-10-30T00:00:00.000Z";"2023-11-05T23:59:59.999Z";"2023-11-05T12:19:00.000Z";"2023-11-01T13:22:00.000Z";"2781";1.0002342785;1.0015408614;0.9997843693;1.000723722;213403916949.25;85429541975.52;85367759448.5;"2023-11-05T23:59:59.999Z"
"2023-10-23T00:00:00.000Z";"2023-10-29T23:59:59.999Z";"2023-10-23T15:37:00.000Z";"2023-10-28T11:21:00.000Z";"2781";1.000555296;1.0010141541;0.9995422235;1.000386769;244050330685.94;84570810136.89;84538113416.03;"2023-10-29T23:59:59.999Z"
"2023-10-16T00:00:00.000Z";"2023-10-22T23:59:59.999Z";"2023-10-20T12:35:00.000Z";"2023-10-16T13:39:00.000Z";"2781";1.0003792599;1.0010961477;0.999911274;1.0002461087;257123183311.32;84174945593.8;84154234500.6;"2023-10-22T23:59:59.999Z"
"2023-10-09T00:00:00.000Z";"2023-10-15T23:59:59.999Z";"2023-10-09T16:42:00.000Z";"2023-10-13T10:51:00.000Z";"2781";1.0004555874;1.0011816694;0.9993808568;1.0003726162;117893731209.26;83558130753.46;83527007239.15;"2023-10-15T23:59:59.999Z"
"2023-10-02T00:00:00.000Z";"2023-10-08T23:59:59.999Z";"2023-10-02T14:15:00.000Z";"2023-10-03T10:48:00.000Z";"2781";1.0000273171;1.0010062193;0.9997417863;1.0004601549;145370510193.43;83512853315.21;83474442137.82;"2023-10-08T23:59:59.999Z"
"2023-09-25T00:00:00.000Z";"2023-10-01T23:59:59.999Z";"2023-09-29T08:58:00.000Z";"2023-09-28T10:53:00.000Z";"2781";1.0001322446;1.0008445051;0.9989877145;0.9998941844;169337249763.04;83246238290.16;83255047972.36;"2023-10-01T23:59:59.999Z"
"2023-09-18T00:00:00.000Z";"2023-09-24T23:59:59.999Z";"2023-09-19T00:30:00.000Z";"2023-09-22T07:22:00.000Z";"2781";1.0002538767;1.0008943543;0.9996633681;1.0001353143;170865009188.89;83215000421.55;83203741768.41;"2023-09-24T23:59:59.999Z"
"2023-09-11T00:00:00.000Z";"2023-09-17T23:59:59.999Z";"2023-09-17T05:41:00.000Z";"2023-09-11T16:27:00.000Z";"2781";0.9995716411;1.0009376649;0.9994009614;1.0002921131;139407342765.74;83066181171.95;83041923535.66;"2023-09-17T23:59:59.999Z"
"2023-09-04T00:00:00.000Z";"2023-09-10T23:59:59.999Z";"2023-09-09T00:38:00.000Z";"2023-09-05T12:33:00.000Z";"2781";0.9998574307;1.0003219006;0.9991158575;0.9996127034;117408619632.07;82984094190.47;83016246102.32;"2023-09-10T23:59:59.999Z"
"2023-08-28T00:00:00.000Z";"2023-09-03T23:59:59.999Z";"2023-08-29T14:41:00.000Z";"2023-08-29T14:21:00.000Z";"2781";0.9995124477;1.0011281462;0.9989835958;0.9999738544;163935545189.81;82897999833.79;82900167311.56;"2023-09-03T23:59:59.999Z"
"2023-08-21T00:00:00.000Z";"2023-08-27T23:59:59.999Z";"2023-08-23T19:46:00.000Z";"2023-08-26T11:25:00.000Z";"2781";0.9999424003;1.0007265358;0.9992173416;0.9995212987;134231618721.32;82811939922.97;82851601095.74;"2023-08-27T23:59:59.999Z"
"2023-08-14T00:00:00.000Z";"2023-08-20T23:59:59.999Z";"2023-08-17T22:00:00.000Z";"2023-08-17T21:43:00.000Z";"2781";0.9992663755;1.0006981606;0.9983567949;0.9999949237;180490055390.01;82846063530.59;82846484080.78;"2023-08-20T23:59:59.999Z"
"2023-08-07T00:00:00.000Z";"2023-08-13T23:59:59.999Z";"2023-08-08T21:14:00.000Z";"2023-08-07T12:49:00.000Z";"2781";0.998294829;1.0006239693;0.997796344;0.9992504101;133795111166.49;83348342979.75;83410866925.56;"2023-08-13T23:59:59.999Z"
"2023-07-31T00:00:00.000Z";"2023-08-06T23:59:59.999Z";"2023-07-31T18:22:00.000Z";"2023-08-06T23:52:00.000Z";"2781";0.9999240888;1.0005043513;0.9981960262;0.9983817241;141416026338.76;83766798747.7;83902576266.62;"2023-08-06T23:59:59.999Z"
"2023-07-24T00:00:00.000Z";"2023-07-30T23:59:59.999Z";"2023-07-26T21:22:00.000Z";"2023-07-24T14:45:00.000Z";"2781";0.9999881647;1.0007801178;0.9991210184;0.9998927779;128116597850.93;83815697454.95;83824685312.35;"2023-07-30T23:59:59.999Z"
"2023-07-17T00:00:00.000Z";"2023-07-23T23:59:59.999Z";"2023-07-23T21:12:00.000Z";"2023-07-21T12:07:00.000Z";"2781";1.0006124926;1.0011273454;0.9995438268;0.9998971555;146896507316.16;83787569913.65;83796187894.46;"2023-07-23T23:59:59.999Z"
"2023-07-10T00:00:00.000Z";"2023-07-16T23:59:59.999Z";"2023-07-14T18:31:00.000Z";"2023-07-10T09:25:00.000Z";"2781";1.0002257832;1.0014211849;0.9996310647;1.0006073006;179719371621.01;83689168487.15;83638374850.96;"2023-07-16T23:59:59.999Z"
"2023-07-03T00:00:00.000Z";"2023-07-09T23:59:59.999Z";"2023-07-09T02:28:00.000Z";"2023-07-06T05:46:00.000Z";"2781";1.0000485646;1.0009174316;0.9995295559;1.0002036085;147063743569.96;83377690854.49;83360717904.11;"2023-07-09T23:59:59.999Z"
"2023-06-26T00:00:00.000Z";"2023-07-02T23:59:59.999Z";"2023-06-26T01:07:00.000Z";"2023-06-30T14:59:00.000Z";"2781";1.0005626596;1.0008355911;0.9992003701;1.0000854218;178248291913.16;83348827222.41;83341708026.69;"2023-07-02T23:59:59.999Z"
"2023-06-19T00:00:00.000Z";"2023-06-25T23:59:59.999Z";"2023-06-23T16:03:00.000Z";"2023-06-22T03:51:00.000Z";"2781";0.9997490652;1.0013906729;0.9991506101;1.0004650086;191407659346.71;83250712640.65;83212018333.02;"2023-06-25T23:59:59.999Z"
"2023-06-12T00:00:00.000Z";"2023-06-18T23:59:59.999Z";"2023-06-12T17:21:00.000Z";"2023-06-15T09:07:00.000Z";"2781";1.0001848055;1.0011129795;0.9957605929;0.9998080998;148240035582.99;83157915195.95;83173876278.09;"2023-06-18T23:59:59.999Z"
"2023-06-05T00:00:00.000Z";"2023-06-11T23:59:59.999Z";"2023-06-10T05:21:00.000Z";"2023-06-05T13:09:00.000Z";"2781";1.0002033342;1.0011114116;0.9993958568;1.0003149063;186293239167.39;83387764365.56;83361513300.22;"2023-06-11T23:59:59.999Z"
"2023-05-29T00:00:00.000Z";"2023-06-04T23:59:59.999Z";"2023-05-31T05:14:00.000Z";"2023-06-01T16:57:00.000Z";"2781";1.0003533708;1.0008778945;0.9994317756;1.0001505571;136899947882.13;83165013521.22;83152494318.89;"2023-06-04T23:59:59.999Z"
"2023-05-22T00:00:00.000Z";"2023-05-28T23:59:59.999Z";"2023-05-26T19:55:00.000Z";"2023-05-25T07:26:00.000Z";"2781";1.0001415218;1.0009760567;0.999479875;1.0001731854;137688024522.39;83141485173.53;83127088775.31;"2023-05-28T23:59:59.999Z"
"2023-05-15T00:00:00.000Z";"2023-05-21T23:59:59.999Z";"2023-05-15T15:33:00.000Z";"2023-05-19T15:21:00.000Z";"2781";1.0004548368;1.0008374158;0.9994958178;1.0001830735;131021408525.34;82929257908.12;82914078541.21;"2023-05-21T23:59:59.999Z"
"2023-05-08T00:00:00.000Z";"2023-05-14T23:59:59.999Z";"2023-05-08T01:50:00.000Z";"2023-05-10T17:16:00.000Z";"2781";1.0015698667;1.0019054322;0.9997614936;1.0005129271;172178266046.35;82839704395.79;82797235449.07;"2023-05-14T23:59:59.999Z"
"2023-05-01T00:00:00.000Z";"2023-05-07T23:59:59.999Z";"2023-05-06T20:05:00.000Z";"2023-05-01T20:10:00.000Z";"2781";1.0005551542;1.0021184521;0.9996766123;1.0015413548;181566706037.65;82209951575.01;82083431880.8;"2023-05-07T23:59:59.999Z"
"2023-04-24T00:00:00.000Z";"2023-04-30T23:59:59.999Z";"2023-04-28T21:52:00.000Z";"2023-04-27T01:09:00.000Z";"2781";1.0000271913;1.000967464;0.9994580195;1.0004384502;196086044139.43;81743942509.34;81708117569.09;"2023-04-30T23:59:59.999Z"
"2023-04-17T00:00:00.000Z";"2023-04-23T23:59:59.999Z";"2023-04-17T00:40:00.000Z";"2023-04-21T14:40:00.000Z";"2781";1.0004101252;1.0010241085;0.9994692291;1.0000229905;218606974464.87;81443741281.11;81441868887.74;"2023-04-23T23:59:59.999Z"
"2023-04-10T00:00:00.000Z";"2023-04-16T23:59:59.999Z";"2023-04-12T02:23:00.000Z";"2023-04-16T10:45:00.000Z";"2781";1.0005167486;1.0015296914;0.9997409178;1.0005360635;243783191528.96;80965191181.81;80921811951.8;"2023-04-16T23:59:59.999Z"
"2023-04-03T00:00:00.000Z";"2023-04-09T23:59:59.999Z";"2023-04-07T17:19:00.000Z";"2023-04-04T11:08:00.000Z";"2781";1.0003593398;1.0009989243;0.9991963571;1.000457912;172752223441.91;80247267378.84;80210538011.07;"2023-04-09T23:59:59.999Z"
"2023-03-27T00:00:00.000Z";"2023-04-02T23:59:59.999Z";"2023-03-27T00:48:00.000Z";"2023-03-29T08:12:00.000Z";"2781";1.0007235389;1.0010647452;0.9991164142;1.0002369161;194451576044.12;79712741574.79;79693860816.01;"2023-04-02T23:59:59.999Z"
"2023-03-20T00:00:00.000Z";"2023-03-26T23:59:59.999Z";"2023-03-20T11:08:00.000Z";"2023-03-22T17:59:00.000Z";"2781";1.0030471336;1.0038020237;0.9996395227;1.0008931913;279331066952.15;79092873689.21;79022291662.58;"2023-03-26T23:59:59.999Z"
"2023-03-13T00:00:00.000Z";"2023-03-19T23:59:59.999Z";"2023-03-13T00:41:00.000Z";"2023-03-17T15:44:00.000Z";"2781";1.0073664361;1.011596482;1.0008042552;1.0030073377;410559291458.92;76450055219.48;76220833431.45;"2023-03-19T23:59:59.999Z"
"2023-03-06T00:00:00.000Z";"2023-03-12T23:59:59.999Z";"2023-03-11T04:15:00.000Z";"2023-03-09T19:35:00.000Z";"2781";1.0000975802;1.0296284355;0.9998157786;1.0071485791;297885339273.74;72632240658.18;72116708664.76;"2023-03-12T23:59:59.999Z"
"2023-02-27T00:00:00.000Z";"2023-03-05T23:59:59.999Z";"2023-03-03T06:19:00.000Z";"2023-03-02T13:35:00.000Z";"2781";1.0000797776;1.000359683;1.000023044;1.0001066957;199113309312.38;71450370818.94;71442748181.92;"2023-03-05T23:59:59.999Z"
"2023-02-20T00:00:00.000Z";"2023-02-26T23:59:59.999Z";"2023-02-22T09:46:00.000Z";"2023-02-24T21:32:00.000Z";"2781";1.0002476729;1.000368395;1.0000251584;1.0000871926;262473622790.96;70853056161.11;70846878838.2;"2023-02-26T23:59:59.999Z"
"2023-02-13T00:00:00.000Z";"2023-02-19T23:59:59.999Z";"2023-02-13T10:55:00.000Z";"2023-02-16T22:08:00.000Z";"2781";1.0002126607;1.0024961408;1.0000940341;1.000236521;306536561367.32;70419857844.86;70403206010.7;"2023-02-19T23:59:59.999Z"
"2023-02-06T00:00:00.000Z";"2023-02-12T23:59:59.999Z";"2023-02-10T14:39:00.000Z";"2023-02-07T13:15:00.000Z";"2781";1.0002087069;1.0003648497;1.0000303197;1.0002100799;243348425356.56;68401008692.56;68386642034.94;"2023-02-12T23:59:59.999Z"
"2023-01-30T00:00:00.000Z";"2023-02-05T23:59:59.999Z";"2023-02-02T09:03:00.000Z";"2023-01-31T11:56:00.000Z";"2781";1.0000893847;1.0003275579;0.9999943187;1.000198018;240458018042.83;68078110242.74;68064632221.56;"2023-02-05T23:59:59.999Z"
"2023-01-23T00:00:00.000Z";"2023-01-29T23:59:59.999Z";"2023-01-24T13:15:00.000Z";"2023-01-27T01:05:00.000Z";"2781";1.0002203287;1.0003280162;1.0000554728;1.0000992744;236399488137.94;67626927729.24;67620214772.91;"2023-01-29T23:59:59.999Z"
"2023-01-16T00:00:00.000Z";"2023-01-22T23:59:59.999Z";"2023-01-16T07:50:00.000Z";"2023-01-19T20:57:00.000Z";"2781";1.0003482983;1.0004521444;0.9999473377;1.0002343984;241789144529.18;66713141592.86;66697507805.3;"2023-01-22T23:59:59.999Z"
"2023-01-09T00:00:00.000Z";"2023-01-15T23:59:59.999Z";"2023-01-15T16:59:00.000Z";"2023-01-09T16:47:00.000Z";"2781";0.9999446333;1.0005025704;0.9999000959;1.000373729;241749026078.96;66380183923.94;66355384993.17;"2023-01-15T23:59:59.999Z"
"2023-01-02T00:00:00.000Z";"2023-01-08T23:59:59.999Z";"2023-01-08T12:54:00.000Z";"2023-01-02T02:50:00.000Z";"2781";0.9996877096;1.000019205;0.9996206792;0.9999566431;125464225455.92;66269617017.21;66272490385.25;"2023-01-08T23:59:59.999Z"
"2022-12-26T00:00:00.000Z";"2023-01-01T23:59:59.999Z";"2022-12-26T22:16:00.000Z";"2023-01-01T13:36:00.000Z";"2781";0.9999343539;1.0000204759;0.9995673635;0.9996918602;117244454375.74;66243294943.49;66263713430.7;"2023-01-01T23:59:59.999Z"
"2022-12-19T00:00:00.000Z";"2022-12-25T23:59:59.999Z";"2022-12-19T01:35:00.000Z";"2022-12-25T20:07:00.000Z";"2781";1.0001490701;1.0002073453;0.9998928951;0.9999426722;131455920143.89;66243849258.58;66247647089.78;"2022-12-25T23:59:59.999Z"
"2022-12-12T00:00:00.000Z";"2022-12-18T23:59:59.999Z";"2022-12-13T06:41:00.000Z";"2022-12-14T11:21:00.000Z";"2781";1.0000854511;1.0005725818;0.9999641821;1.0001550646;219232022628.2;66167363728.16;66157105100.05;"2022-12-18T23:59:59.999Z"
"2022-12-05T00:00:00.000Z";"2022-12-11T23:59:59.999Z";"2022-12-05T09:14:00.000Z";"2022-12-07T23:20:00.000Z";"2781";1.0001252752;1.0002049378;0.9999813131;1.0000779971;164300146546.58;65713319159.39;65708194111.58;"2022-12-11T23:59:59.999Z"
"2022-11-28T00:00:00.000Z";"2022-12-04T23:59:59.999Z";"2022-12-04T19:58:00.000Z";"2022-11-28T00:08:00.000Z";"2781";0.9996003252;1.0001694071;0.9995925308;1.000120157;204677827340.96;65504085440.86;65496215611.2;"2022-12-04T23:59:59.999Z"
"2022-11-21T00:00:00.000Z";"2022-11-27T23:59:59.999Z";"2022-11-27T23:45:00.000Z";"2022-11-21T08:36:00.000Z";"2781";0.9989952731;0.9996535653;0.9986463145;0.999603592;259684723581.45;65336770716.06;65362681003.32;"2022-11-27T23:59:59.999Z"
"2022-11-14T00:00:00.000Z";"2022-11-20T23:59:59.999Z";"2022-11-17T10:44:00.000Z";"2022-11-14T06:47:00.000Z";"2781";0.9987503095;0.9996447571;0.9985756785;0.9989817084;288901958512.03;65817845548.71;65884935624.74;"2022-11-20T23:59:59.999Z"
"2022-11-07T00:00:00.000Z";"2022-11-13T23:59:59.999Z";"2022-11-08T19:40:00.000Z";"2022-11-10T12:26:00.000Z";"2781";1.0001012526;1.0005145777;0.9815247356;0.9987545984;649537296378.17;66350624518.37;66433360735.02;"2022-11-13T23:59:59.999Z"
"2022-10-31T00:00:00.000Z";"2022-11-06T23:59:59.999Z";"2022-10-31T01:39:00.000Z";"2022-11-01T07:18:00.000Z";"2781";1.0001850573;1.0002516748;0.999773522;1.0000897548;458249304572.28;69366918016.02;69360692563.61;"2022-11-06T23:59:59.999Z"
"2022-10-24T00:00:00.000Z";"2022-10-30T23:59:59.999Z";"2022-10-29T18:51:00.000Z";"2022-10-25T11:55:00.000Z";"2781";1.0000702128;1.0003458517;1.0000154432;1.0001790148;434172309993.87;69115463004.3;69103092527.26;"2022-10-30T23:59:59.999Z"
"2022-10-17T00:00:00.000Z";"2022-10-23T23:59:59.999Z";"2022-10-19T08:19:00.000Z";"2022-10-21T08:38:00.000Z";"2781";1.0000602679;1.0002097955;0.9999281382;1.0000766032;238661374670.73;68458351755.09;68453108029.79;"2022-10-23T23:59:59.999Z"
"2022-10-10T00:00:00.000Z";"2022-10-16T23:59:59.999Z";"2022-10-10T07:51:00.000Z";"2022-10-12T01:04:00.000Z";"2781";1.0001591745;1.0001893577;0.9998615026;1.0000565378;271693624875.85;68436428830.97;68432559806.69;"2022-10-16T23:59:59.999Z"
"2022-10-03T00:00:00.000Z";"2022-10-09T23:59:59.999Z";"2022-10-05T09:26:00.000Z";"2022-10-03T16:15:00.000Z";"2781";1.0000563157;1.0003049721;0.9999841596;1.0001579683;254978558636.54;68382659680.27;68371859091.89;"2022-10-09T23:59:59.999Z"
"2022-09-26T00:00:00.000Z";"2022-10-02T23:59:59.999Z";"2022-09-30T09:28:00.000Z";"2022-09-28T03:00:00.000Z";"2781";1.0000466899;1.0001654389;0.999910828;1.0000599344;360524967732.39;67953496945.01;67949424438.86;"2022-10-02T23:59:59.999Z"
"2022-09-19T00:00:00.000Z";"2022-09-25T23:59:59.999Z";"2022-09-20T06:30:00.000Z";"2022-09-19T04:11:00.000Z";"2781";1.0000078309;1.000194331;0.9999445696;1.0000545023;357497536694.52;67958406853.26;67954703169.02;"2022-09-25T23:59:59.999Z"
"2022-09-12T00:00:00.000Z";"2022-09-18T23:59:59.999Z";"2022-09-13T12:35:00.000Z";"2022-09-16T18:50:00.000Z";"2781";1.0002810632;1.0003403087;0.9998908263;1.0000230834;381277902222.9;67925116253.37;67923548347.4;"2022-09-18T23:59:59.999Z"
"2022-09-05T00:00:00.000Z";"2022-09-11T23:59:59.999Z";"2022-09-10T16:15:00.000Z";"2022-09-05T22:52:00.000Z";"2781";1.0000616711;1.0004202218;0.9999663073;1.0002764246;377377746906.35;67670904333.27;67652203603.29;"2022-09-11T23:59:59.999Z"
"2022-08-29T00:00:00.000Z";"2022-09-04T23:59:59.999Z";"2022-08-30T16:16:00.000Z";"2022-09-02T13:52:00.000Z";"2781";1.0000510344;1.0002344921;0.999947924;1.0000614181;295952894040.69;67554552922.52;67550404103.52;"2022-09-04T23:59:59.999Z"
"2022-08-22T00:00:00.000Z";"2022-08-28T23:59:59.999Z";"2022-08-27T10:40:00.000Z";"2022-08-23T07:11:00.000Z";"2781";0.9999994311;1.0001404734;0.9998860651;1.0000281619;339311262085.93;67551567244.39;67549664915.43;"2022-08-28T23:59:59.999Z"
"2022-08-15T00:00:00.000Z";"2022-08-21T23:59:59.999Z";"2022-08-15T16:45:00.000Z";"2022-08-18T21:46:00.000Z";"2781";1.0002598639;1.0003541595;0.9999354584;0.9999944098;375456776590.89;67549185033.32;67549562651.23;"2022-08-21T23:59:59.999Z"
"2022-08-08T00:00:00.000Z";"2022-08-14T23:59:59.999Z";"2022-08-13T09:50:00.000Z";"2022-08-08T11:22:00.000Z";"2781";1.000159235;1.000573963;1.0000973927;1.0002707959;353088490313.39;67303183168.52;67284962673.79;"2022-08-14T23:59:59.999Z"
"2022-08-01T00:00:00.000Z";"2022-08-07T23:59:59.999Z";"2022-08-01T03:05:00.000Z";"2022-08-05T22:26:00.000Z";"2781";1.0003224782;1.0003678376;1.0000324657;1.0001444494;310506611684.7;66486127948.64;66476525454.19;"2022-08-07T23:59:59.999Z"
"2022-07-25T00:00:00.000Z";"2022-07-31T23:59:59.999Z";"2022-07-28T00:20:00.000Z";"2022-07-27T05:19:00.000Z";"2781";1.0000375167;1.0003597931;0.9999795469;1.0003279908;422203702865.15;66219690038.41;66197977707.86;"2022-07-31T23:59:59.999Z"
"2022-07-18T00:00:00.000Z";"2022-07-24T23:59:59.999Z";"2022-07-20T15:02:00.000Z";"2022-07-18T00:04:00.000Z";"2781";0.9997262115;1.0002488517;0.9996934571;1.0000351594;407765481100.9;65843592647.76;65841277710.53;"2022-07-24T23:59:59.999Z"
"2022-07-11T00:00:00.000Z";"2022-07-17T23:59:59.999Z";"2022-07-16T22:56:00.000Z";"2022-07-12T07:27:00.000Z";"2781";0.9994564834;0.9998798898;0.9991176128;0.99973377;312374667667.64;65858779417.22;65876317670.45;"2022-07-17T23:59:59.999Z"
"2022-07-04T00:00:00.000Z";"2022-07-10T23:59:59.999Z";"2022-07-10T05:25:00.000Z";"2022-07-05T15:02:00.000Z";"2781";0.9990710461;0.9996292104;0.9989360947;0.99946462;311787855192.51;65955599834.56;65990930060.75;"2022-07-10T23:59:59.999Z"
"2022-06-27T00:00:00.000Z";"2022-07-03T23:59:59.999Z";"2022-06-27T11:09:00.000Z";"2022-06-29T06:50:00.000Z";"2781";0.9994582439;0.9995985914;0.9985187581;0.999078186;279270936913.21;66169266578.19;66230318609.98;"2022-07-03T23:59:59.999Z"
"2022-06-20T00:00:00.000Z";"2022-06-26T23:59:59.999Z";"2022-06-25T21:51:00.000Z";"2022-06-20T07:24:00.000Z";"2781";0.9989473424;0.9996112065;0.9986290807;0.9993975555;312190603698.6;66827166314.21;66867450244.09;"2022-06-26T23:59:59.999Z"
"2022-06-13T00:00:00.000Z";"2022-06-19T23:59:59.999Z";"2022-06-16T11:15:00.000Z";"2022-06-13T11:24:00.000Z";"2781";0.999068604;0.999134073;0.9975466726;0.998969481;491265717969.47;68102975881.96;68173229691.41;"2022-06-19T23:59:59.999Z"
"2022-06-06T00:00:00.000Z";"2022-06-12T23:59:59.999Z";"2022-06-07T05:30:00.000Z";"2022-06-12T17:11:00.000Z";"2781";0.999285588;0.999570852;0.9988415609;0.9990795811;370558215152.24;72428255698.57;72494981446.98;"2022-06-12T23:59:59.999Z"
"2022-05-30T00:00:00.000Z";"2022-06-05T23:59:59.999Z";"2022-06-01T00:48:00.000Z";"2022-06-01T20:08:00.000Z";"2781";0.9991874046;0.999502339;0.9988687915;0.9992964576;352880355752.68;72492412161.34;72543449552.93;"2022-06-05T23:59:59.999Z"
"2022-05-23T00:00:00.000Z";"2022-05-29T23:59:59.999Z";"2022-05-23T14:02:00.000Z";"2022-05-28T00:25:00.000Z";"2781";0.9990649019;0.9992944501;0.9987790834;0.9991784749;367415934513.77;72477658382.78;72537249554.09;"2022-05-29T23:59:59.999Z"
"2022-05-16T00:00:00.000Z";"2022-05-22T23:59:59.999Z";"2022-05-20T12:16:00.000Z";"2022-05-18T23:38:00.000Z";"2781";0.9990841421;0.9993695578;0.998542449;0.9990661571;364820622212.44;73206667557.65;73275094986.47;"2022-05-22T23:59:59.999Z"
"2022-05-09T00:00:00.000Z";"2022-05-15T23:59:59.999Z";"2022-05-10T15:26:00.000Z";"2022-05-12T07:22:00.000Z";"2781";0.9998702449;1.0001338616;0.9484861079;0.9990687533;751927210987.04;75681576735.6;75752120650.99;"2022-05-15T23:59:59.999Z"
"2022-05-02T00:00:00.000Z";"2022-05-08T23:59:59.999Z";"2022-05-02T00:13:00.000Z";"2022-05-08T02:44:00.000Z";"2781";1.0001001863;1.0002813341;0.9997395169;0.9998540028;491008395664.42;83205227593.81;83217377095.18;"2022-05-08T23:59:59.999Z"
"2022-04-25T00:00:00.000Z";"2022-05-01T23:59:59.999Z";"2022-04-25T01:47:00.000Z";"2022-04-30T01:11:00.000Z";"2781";1.0003461946;1.0003925887;0.9999698742;1.0001129882;458346736350.27;83162272400.22;83152877108.09;"2022-05-01T23:59:59.999Z"
"2022-04-18T00:00:00.000Z";"2022-04-24T23:59:59.999Z";"2022-04-20T11:31:00.000Z";"2022-04-22T18:54:00.000Z";"2781";1.0003214522;1.0005955368;1.0000779704;1.0003438737;408308019030.61;83142781297.02;83114200506.52;"2022-04-24T23:59:59.999Z"
"2022-04-11T00:00:00.000Z";"2022-04-17T23:59:59.999Z";"2022-04-11T13:38:00.000Z";"2022-04-14T21:57:00.000Z";"2781";1.0002988645;1.0006068109;1.000054343;1.0003138475;372476378154.77;82744322400.81;82718361449.77;"2022-04-17T23:59:59.999Z"
"2022-04-04T00:00:00.000Z";"2022-04-10T23:59:59.999Z";"2022-04-09T20:17:00.000Z";"2022-04-06T17:37:00.000Z";"2781";1.0002761523;1.0005814847;1.0000857809;1.0002920114;453129597316.52;82559031739.45;82534930596.51;"2022-04-10T23:59:59.999Z"
"2022-03-28T00:00:00.000Z";"2022-04-03T23:59:59.999Z";"2022-03-31T11:00:00.000Z";"2022-04-03T23:36:00.000Z";"2781";1.0003650775;1.0007341379;1.0001953713;1.0002730488;576218676737.1;82324402977.5;82301930534.36;"2022-04-03T23:59:59.999Z"
"2022-03-21T00:00:00.000Z";"2022-03-27T23:59:59.999Z";"2022-03-22T21:19:00.000Z";"2022-03-23T15:30:00.000Z";"2781";1.0004167641;1.0007066118;1.0002609467;1.000375704;445604661672.17;81362292667.85;81331736008.26;"2022-03-27T23:59:59.999Z"
"2022-03-14T00:00:00.000Z";"2022-03-20T23:59:59.999Z";"2022-03-18T12:35:00.000Z";"2022-03-15T03:56:00.000Z";"2781";1.0001902921;1.0008965101;1.0001041974;1.000427035;414849536366.76;80781817395.22;80747335458.04;"2022-03-20T23:59:59.999Z"
"2022-03-07T00:00:00.000Z";"2022-03-13T23:59:59.999Z";"2022-03-10T14:44:00.000Z";"2022-03-12T08:54:00.000Z";"2781";1.0002512559;1.00066566;1.0000171279;1.0001986154;388225790573.58;80088619803.15;80072716129.05;"2022-03-13T23:59:59.999Z"
"2022-02-28T00:00:00.000Z";"2022-03-06T23:59:59.999Z";"2022-02-28T22:36:00.000Z";"2022-03-03T23:47:00.000Z";"2781";1.0005065408;1.0010135693;0.9999575867;1.0002442902;417950225215.33;79732529564.38;79713056448.1;"2022-03-06T23:59:59.999Z"
"2022-02-21T00:00:00.000Z";"2022-02-27T23:59:59.999Z";"2022-02-25T12:10:00.000Z";"2022-02-27T22:38:00.000Z";"2781";1.0004023965;1.0011070044;1.0002661984;1.0004913752;465372261464.56;79587144285.25;79548056346.85;"2022-02-27T23:59:59.999Z"
"2022-02-14T00:00:00.000Z";"2022-02-20T23:59:59.999Z";"2022-02-14T06:52:00.000Z";"2022-02-20T18:44:00.000Z";"2781";1.0004436468;1.000864586;1.00031788;1.0004080924;345585474866.72;79051748940.73;79019501685.78;"2022-02-20T23:59:59.999Z"
"2022-02-07T00:00:00.000Z";"2022-02-13T23:59:59.999Z";"2022-02-11T08:30:00.000Z";"2022-02-07T00:03:00.000Z";"2781";1.0006765365;1.0026831348;1.0003973613;1.000455532;424756728899.68;78458775425.12;78423051213.79;"2022-02-13T23:59:59.999Z"
"2022-01-31T00:00:00.000Z";"2022-02-06T23:59:59.999Z";"2022-02-04T07:04:00.000Z";"2022-01-31T14:17:00.000Z";"2781";1.0003439558;1.0009944624;1.0002652884;1.0006794328;324867367139.03;77961684799;77908751038.84;"2022-02-06T23:59:59.999Z"
"2022-01-24T00:00:00.000Z";"2022-01-30T23:59:59.999Z";"2022-01-26T14:16:00.000Z";"2022-01-24T14:32:00.000Z";"2781";1.000498166;1.0011171699;1.0001084156;1.0003413183;397196739904.12;78144090895.92;78117427985.94;"2022-01-30T23:59:59.999Z"
"2022-01-17T00:00:00.000Z";"2022-01-23T23:59:59.999Z";"2022-01-19T11:13:00.000Z";"2022-01-21T22:47:00.000Z";"2781";1.0004335929;1.0010414093;1.0000134077;1.0004907792;427258245664.03;78350199961.53;78311766178.46;"2022-01-23T23:59:59.999Z"
"2022-01-10T00:00:00.000Z";"2022-01-16T23:59:59.999Z";"2022-01-15T09:57:00.000Z";"2022-01-11T10:20:00.000Z";"2781";1.000256091;1.0009404866;1.0000186758;1.000416939;397027393814.92;78432253976.7;78399566140.57;"2022-01-16T23:59:59.999Z"
"2022-01-03T00:00:00.000Z";"2022-01-09T23:59:59.999Z";"2022-01-03T04:37:00.000Z";"2022-01-07T13:59:00.000Z";"2781";1.0004526189;1.0007270997;0.9998448987;1.0002572109;457717123894.27;78312801194.12;78292663468.06;"2022-01-09T23:59:59.999Z"
"2021-12-27T00:00:00.000Z";"2022-01-02T23:59:59.999Z";"2021-12-28T20:16:22.000Z";"2021-12-27T20:45:26.000Z";"2781";1.0003287274;1.0019971574;0.9980090838;1.000459543;391565077671.08;78373882136.14;78337882506.72;"2022-01-02T23:59:59.999Z"
"2021-12-20T00:00:00.000Z";"2021-12-26T23:59:59.999Z";"2021-12-24T04:26:12.000Z";"2021-12-21T21:20:11.000Z";"2781";1.0000788498;1.0019982407;0.9980197322;1.0004487274;408603764302.35;78020576206.35;77985581940.49;"2021-12-26T23:59:59.999Z"
"2021-12-13T00:00:00.000Z";"2021-12-19T23:59:59.999Z";"2021-12-16T11:29:11.000Z";"2021-12-13T19:10:12.000Z";"2781";1.0006173733;1.0019989489;0.9980894049;0.9999878498;452464258526.17;76288982077.53;76289909011.56;"2021-12-19T23:59:59.999Z"
"2021-12-06T00:00:00.000Z";"2021-12-12T23:59:59.999Z";"2021-12-11T02:39:26.000Z";"2021-12-08T13:18:23.000Z";"2781";1.0006323771;1.0019961188;0.9980134474;1.0010505097;481626216887.8;76236307022.1;76156304083.69;"2021-12-12T23:59:59.999Z"
"2021-11-29T00:00:00.000Z";"2021-12-05T23:59:59.999Z";"2021-12-02T01:04:45.000Z";"2021-11-29T05:07:16.000Z";"2781";0.9999293973;1.0019985237;0.9981046721;1.0006302298;631777067360.19;75159692180.88;75112354133.69;"2021-12-05T23:59:59.999Z"
"2021-11-22T00:00:00.000Z";"2021-11-28T23:59:59.999Z";"2021-11-23T02:36:39.000Z";"2021-11-23T18:43:13.000Z";"2781";1.0012875919;1.0025138906;0.9980444522;1.0001253973;593142033660.59;73130412909.53;73121243701.64;"2021-11-28T23:59:59.999Z"
"2021-11-15T00:00:00.000Z";"2021-11-21T23:59:59.999Z";"2021-11-16T07:41:06.000Z";"2021-11-17T17:22:10.000Z";"2781";1.0002596152;1.0330189504;0.9980164828;1.0008726956;566502700385.13;73150326010.52;73086543701.93;"2021-11-21T23:59:59.999Z"
"2021-11-08T00:00:00.000Z";"2021-11-14T23:59:59.999Z";"2021-11-11T12:04:09.000Z";"2021-11-13T12:17:09.000Z";"2781";1.0014226846;1.0019970415;0.9980286445;1.000366883;576441541163.42;73886983972.76;73859886038.52;"2021-11-14T23:59:59.999Z"
"2021-11-01T00:00:00.000Z";"2021-11-07T23:59:59.999Z";"2021-11-07T04:46:09.000Z";"2021-11-01T09:22:09.000Z";"2781";1.0003824114;1.001959212;0.999838502;1.0015165058;611354931245.38;72645304847.63;72535304634.65;"2021-11-07T23:59:59.999Z"
"2021-10-25T00:00:00.000Z";"2021-10-31T23:59:59.999Z";"2021-10-31T19:31:09.000Z";"2021-10-25T01:00:27.000Z";"2781";1.0002191021;1.0016680715;0.9991507171;1.000376444;654893145161.76;70286558907.96;70260109911.71;"2021-10-31T23:59:59.999Z"
"2021-10-18T00:00:00.000Z";"2021-10-24T23:59:59.999Z";"2021-10-24T06:49:09.000Z";"2021-10-24T22:52:10.000Z";"2781";1.0003304346;1.0010936901;0.9991185706;1.0002229109;479252194537.9;69589618742.79;69574109914.12;"2021-10-24T23:59:59.999Z"
"2021-10-11T00:00:00.000Z";"2021-10-17T23:59:59.999Z";"2021-10-11T00:29:09.000Z";"2021-10-15T20:21:09.000Z";"2781";1.0009520128;1.0011451354;0.9989666525;1.0002795191;508567258948.78;69055366954.44;69036070054.13;"2021-10-17T23:59:59.999Z"
"2021-10-04T00:00:00.000Z";"2021-10-10T23:59:59.999Z";"2021-10-06T12:43:09.000Z";"2021-10-06T16:34:09.000Z";"2781";1.0002588919;1.0011977277;0.9993434953;1.0010175214;555695580173.62;68474173177.09;68404570064.34;"2021-10-10T23:59:59.999Z"
"2021-09-27T00:00:00.000Z";"2021-10-03T23:59:59.999Z";"2021-09-27T05:10:10.000Z";"2021-09-30T22:34:09.000Z";"2781";1.0007514419;1.0013554834;0.9995374763;1.0002009607;478107080171.81;68037739842.11;68024069674.74;"2021-10-03T23:59:59.999Z"
"2021-09-20T00:00:00.000Z";"2021-09-26T23:59:59.999Z";"2021-09-25T14:40:09.000Z";"2021-09-20T23:55:09.000Z";"2781";1.0003418619;1.0016776507;0.9998140667;1.0007250431;587231947618.41;68592692453.23;68542995824.59;"2021-09-26T23:59:59.999Z"
"2021-09-13T00:00:00.000Z";"2021-09-19T23:59:59.999Z";"2021-09-19T19:56:09.000Z";"2021-09-19T09:06:11.000Z";"2781";0.9996249;1.001837435;0.9981867834;1.0004416918;501054508070.28;68322670124.27;68292505886.53;"2021-09-19T23:59:59.999Z"
"2021-09-06T00:00:00.000Z";"2021-09-12T23:59:59.999Z";"2021-09-07T17:36:11.000Z";"2021-09-12T18:06:08.000Z";"2781";1.00028776;1.0013403;0.99927068;0.99969769;732451216263.68;68319955757.68;68340615735.67;"2021-09-12T23:59:59.999Z"
"2021-08-30T00:00:00.000Z";"2021-09-05T23:59:59.999Z";"2021-08-30T03:44:44.000Z";"2021-09-02T19:40:08.000Z";"2781";1.00109823;1.00136861;0.99982845;1.00026128;589657215048.73;66796325582.44;66778877886.05;"2021-09-05T23:59:59.999Z"
"2021-08-23T00:00:00.000Z";"2021-08-29T23:59:59.999Z";"2021-08-29T23:09:06.000Z";"2021-08-28T21:31:34.000Z";"2781";1.00087189;1.00157903;0.99991963;1.00122474;515858310942.05;65569682754.79;65489475280.74;"2021-08-29T23:59:59.999Z"
"2021-08-16T00:00:00.000Z";"2021-08-22T23:59:59.999Z";"2021-08-22T19:02:10.000Z";"2021-08-19T21:46:08.000Z";"2781";1.00056826;1.00193762;0.99936715;1.00087877;546631101952.13;64683626346.54;64626834130.55;"2021-08-22T23:59:59.999Z"
"2021-08-09T00:00:00.000Z";"2021-08-15T23:59:59.999Z";"2021-08-15T10:49:07.000Z";"2021-08-10T22:48:09.000Z";"2781";1.00011416;1.00152931;0.99976138;1.00064322;550259046277.97;63387480053.32;63346734130.55;"2021-08-15T23:59:59.999Z"
"2021-08-02T00:00:00.000Z";"2021-08-08T23:59:59.999Z";"2021-08-07T12:49:08.000Z";"2021-08-05T13:54:09.000Z";"2781";1.0003925;1.0007466;0.99965699;1.00024862;562303639456.43;62215698170.06;62200234130.55;"2021-08-08T23:59:59.999Z"
"2021-07-26T00:00:00.000Z";"2021-08-01T23:59:59.999Z";"2021-07-30T12:19:18.000Z";"2021-07-26T16:45:15.000Z";"2781";1.00018364;1.00122266;0.99976381;1.00034083;550413771327.39;61892139970.21;61871052217.69;"2021-08-01T23:59:59.999Z"
"2021-07-19T00:00:00.000Z";"2021-07-25T23:59:59.999Z";"2021-07-24T16:11:33.000Z";"2021-07-25T18:08:27.000Z";"2781";1.00064464;1.00112545;0.99920616;1.0001628;335119633927.7;61820395074.48;61810332357.36;"2021-07-25T23:59:59.999Z"
"2021-07-12T00:00:00.000Z";"2021-07-18T23:59:59.999Z";"2021-07-17T08:22:40.000Z";"2021-07-18T06:31:34.000Z";"2781";1.00023409;1.00090795;0.99956284;1.0006207;293511515753.63;62022722460.77;61984248695.48;"2021-07-18T23:59:59.999Z"
"2021-07-05T00:00:00.000Z";"2021-07-11T23:59:59.999Z";"2021-07-08T02:32:09.000Z";"2021-07-05T00:00:18.000Z";"2781";0.99942645;1.00140366;0.99942645;1.00022464;325213737211.38;62219396885.77;62205422762.35;"2021-07-11T23:59:59.999Z"
"2021-06-28T00:00:00.000Z";"2021-07-04T23:59:59.999Z";"2021-07-02T17:52:09.000Z";"2021-07-04T10:12:09.000Z";"2781";1.00068866;1.0008299;0.99890242;0.99950088;368699200269.51;62342742987.58;62373875280.46;"2021-07-04T23:59:59.999Z"
"2021-06-21T00:00:00.000Z";"2021-06-27T23:59:59.999Z";"2021-06-27T08:05:10.000Z";"2021-06-25T16:23:09.000Z";"2781";1.00091401;1.00199974;0.99895275;1.00064173;504797631857.57;62565275501.33;62525151502.12;"2021-06-27T23:59:59.999Z"
"2021-06-14T00:00:00.000Z";"2021-06-20T23:59:59.999Z";"2021-06-15T03:21:09.000Z";"2021-06-16T18:47:09.000Z";"2781";0.99969507;1.01042494;0.99938757;1.00087549;414319456808.45;62631120301.18;62576335046.54;"2021-06-20T23:59:59.999Z"
"2021-06-07T00:00:00.000Z";"2021-06-13T23:59:59.999Z";"2021-06-08T21:05:09.000Z";"2021-06-13T23:31:10.000Z";"2781";1.00085324;1.00163419;0.9995689;0.99973289;519262043500.51;62574982573.81;62591701539.3;"2021-06-13T23:59:59.999Z"
"2021-05-31T00:00:00.000Z";"2021-06-06T23:59:59.999Z";"2021-06-05T06:20:09.000Z";"2021-06-01T14:57:21.000Z";"2781";0.99998572;1.00162479;0.99973948;1.00083959;553179162965.89;62298516610.6;62246255385.45;"2021-06-06T23:59:59.999Z"
"2021-05-24T00:00:00.000Z";"2021-05-30T23:59:59.999Z";"2021-05-25T09:12:11.000Z";"2021-05-30T12:26:07.000Z";"2781";1.00162312;1.00199971;0.99965014;1.00006295;781391803164.28;61742398035.72;61738511497.84;"2021-05-30T23:59:59.999Z"
"2021-05-17T00:00:00.000Z";"2021-05-23T23:59:59.999Z";"2021-05-21T03:15:08.000Z";"2021-05-19T11:24:08.000Z";"2781";0.99985138;1.00199988;0.99862781;1.00167359;1261390157708.42;59533859940.63;59434391387.36;"2021-05-23T23:59:59.999Z"
"2021-05-10T00:00:00.000Z";"2021-05-16T23:59:59.999Z";"2021-05-11T23:56:12.000Z";"2021-05-12T06:37:11.000Z";"2781";0.99980127;1.0002;0.9998;0.99997528;1264442682566.61;58308356800.73;58309798199.19;"2021-05-16T23:59:59.999Z"
"2021-05-03T00:00:00.000Z";"2021-05-09T23:59:59.999Z";"2021-05-07T14:39:07.000Z";"2021-05-03T11:02:10.000Z";"2781";0.99995943;1.0002;0.99980001;1.00005767;1231730637842.75;55539697236.76;55536494297.8;"2021-05-09T23:59:59.999Z"
"2021-04-26T00:00:00.000Z";"2021-05-02T23:59:59.999Z";"2021-04-26T15:12:15.000Z";"2021-05-01T14:13:11.000Z";"2781";1.00015498;1.00019999;0.9998;1.00013222;696307528860.83;51788836339.95;51781989850.88;"2021-05-02T23:59:59.999Z"
"2021-04-19T00:00:00.000Z";"2021-04-25T23:59:59.999Z";"2021-04-25T20:19:12.000Z";"2021-04-19T01:22:10.000Z";"2781";0.99995263;1.00019999;0.99980001;0.99993413;1036171254071.09;49961963196.99;49965254438.52;"2021-04-25T23:59:59.999Z"
"2021-04-12T00:00:00.000Z";"2021-04-18T23:59:59.999Z";"2021-04-18T08:39:10.000Z";"2021-04-13T01:49:11.000Z";"2781";1.00216142;1.02804546;0.99882877;1.00010421;1187472020566.75;48080200312.27;48075190514.66;"2021-04-18T23:59:59.999Z"
"2021-04-05T00:00:00.000Z";"2021-04-11T23:59:59.999Z";"2021-04-05T06:15:16.000Z";"2021-04-10T19:44:10.000Z";"2781";1.00343818;1.00485066;0.99740406;1.00217661;837898348798.75;44521618210.49;44424922420.75;"2021-04-11T23:59:59.999Z"
"2021-03-29T00:00:00.000Z";"2021-04-04T23:59:59.999Z";"2021-04-04T07:11:10.000Z";"2021-04-03T03:07:09.000Z";"2781";1.00063862;1.01151554;0.99804691;1.00340205;695920763665.52;42503862983.73;42359752850.32;"2021-04-04T23:59:59.999Z"
"2021-03-22T00:00:00.000Z";"2021-03-28T23:59:59.999Z";"2021-03-22T19:46:15.000Z";"2021-03-22T16:04:10.000Z";"2781";1.0011355;1.00405928;0.99895537;1.00060718;594057914880.16;40500517196.83;40475941170.3;"2021-03-28T23:59:59.999Z"
"2021-03-15T00:00:00.000Z";"2021-03-21T23:59:59.999Z";"2021-03-20T05:46:09.000Z";"2021-03-18T03:36:13.000Z";"2781";0.99983496;1.00410427;0.99870041;1.00128004;627128330805.91;39567651238.1;39517067875.7;"2021-03-21T23:59:59.999Z"
"2021-03-08T00:00:00.000Z";"2021-03-14T23:59:59.999Z";"2021-03-10T07:47:11.000Z";"2021-03-13T10:25:13.000Z";"2781";1.00031302;1.00094874;0.99928575;0.99979069;661101064073.51;38235568474.55;38243573409.16;"2021-03-14T23:59:59.999Z"
"2021-03-01T00:00:00.000Z";"2021-03-07T23:59:59.999Z";"2021-03-01T02:55:11.000Z";"2021-03-06T20:21:11.000Z";"2781";1.00208681;1.00233204;0.99928243;1.00031792;611412518409.84;36472973681.61;36461381802.76;"2021-03-07T23:59:59.999Z"
"2021-02-22T00:00:00.000Z";"2021-02-28T23:59:59.999Z";"2021-02-28T22:24:10.000Z";"2021-02-23T05:32:09.000Z";"2781";1.00031231;1.00248425;0.99741253;1.00211533;925951104349.88;35051423319.75;34977434545.62;"2021-02-28T23:59:59.999Z"
"2021-02-15T00:00:00.000Z";"2021-02-21T23:59:59.999Z";"2021-02-17T10:15:12.000Z";"2021-02-19T04:59:09.000Z";"2781";1.00078671;1.00127235;0.99919106;1.00033184;891425243082.21;34268903480.79;34257535414.55;"2021-02-21T23:59:59.999Z"
"2021-02-08T00:00:00.000Z";"2021-02-14T23:59:59.999Z";"2021-02-08T16:00:11.000Z";"2021-02-13T12:08:09.000Z";"2781";1.00124059;1.00314326;0.99994033;1.00074601;1062830232310.51;32031576069.71;32007698001.96;"2021-02-14T23:59:59.999Z"
"2021-02-01T00:00:00.000Z";"2021-02-07T23:59:59.999Z";"2021-02-03T07:20:09.000Z";"2021-02-01T17:12:08.000Z";"2781";1.00083795;1.00232627;0.99969764;1.0012114;834086154703.01;28640986238.58;28606332457.52;"2021-02-07T23:59:59.999Z"
"2021-01-25T00:00:00.000Z";"2021-01-31T23:59:59.999Z";"2021-01-29T14:06:08.000Z";"2021-01-25T20:58:08.000Z";"2781";1.00145387;1.00322349;0.99965072;1.00080766;4319304881196.4;26451988954.48;26430641890.11;"2021-01-31T23:59:59.999Z"
"2021-01-18T00:00:00.000Z";"2021-01-24T23:59:59.999Z";"2021-01-24T16:49:08.000Z";"2021-01-21T16:07:08.000Z";"2781";1.0004119;1.00312718;0.99814411;1.00141652;712972670407.07;24852549110.9;24817394865.37;"2021-01-24T23:59:59.999Z"
"2021-01-11T00:00:00.000Z";"2021-01-17T23:59:59.999Z";"2021-01-16T17:22:09.000Z";"2021-01-11T14:15:11.000Z";"2781";1.00025212;1.00153245;0.99395274;1.00041395;799024786145.94;24335202163.05;24325132870.86;"2021-01-17T23:59:59.999Z"
"2021-01-04T00:00:00.000Z";"2021-01-10T23:59:59.999Z";"2021-01-09T22:27:08.000Z";"2021-01-10T20:32:08.000Z";"2781";1.00049973;1.00315654;0.99853964;1.00022348;843684030534.4;24229726418.89;24224312724.63;"2021-01-10T23:59:59.999Z"
"2020-12-28T00:00:00.000Z";"2021-01-03T23:59:59.999Z";"2021-01-01T18:11:08.000Z";"2020-12-28T11:01:08.000Z";"2781";0.99883298;1.00205189;0.99732428;1.00051411;555954714115.04;21340101768.05;21329136250.16;"2021-01-03T23:59:59.999Z"
"2020-12-21T00:00:00.000Z";"2020-12-27T23:59:59.999Z";"2020-12-22T21:10:14.000Z";"2020-12-27T08:14:08.000Z";"2781";0.99966784;1.00033905;0.99648893;0.99885416;533092099215.07;20729387121.49;20753166934.03;"2020-12-27T23:59:59.999Z"
"2020-12-14T00:00:00.000Z";"2020-12-20T23:59:59.999Z";"2020-12-16T14:28:08.000Z";"2020-12-16T02:22:09.000Z";"2781";0.99994216;1.00217786;0.99768501;0.99964298;439841392392.78;20293091729.72;20300339261.7;"2020-12-20T23:59:59.999Z"
"2020-12-07T00:00:00.000Z";"2020-12-13T23:59:59.999Z";"2020-12-09T17:37:08.000Z";"2020-12-08T19:55:11.000Z";"2781";1.0011909;1.00128072;0.99950422;0.99995156;318074471855.47;19834034804.91;19834995608.52;"2020-12-13T23:59:59.999Z"
"2020-11-30T00:00:00.000Z";"2020-12-06T23:59:59.999Z";"2020-12-01T13:22:08.000Z";"2020-12-01T01:43:08.000Z";"2781";1.00092773;1.00182816;0.99974391;1.00120332;512389187282.52;19683467750.67;19659810789.04;"2020-12-06T23:59:59.999Z"
"2020-11-23T00:00:00.000Z";"2020-11-29T23:59:59.999Z";"2020-11-26T18:56:08.000Z";"2020-11-24T18:42:11.000Z";"2781";0.99920264;1.00240844;0.99883405;1.00088981;574143697932.05;19126891187.77;19109887104.76;"2020-11-29T23:59:59.999Z"
"2020-11-16T00:00:00.000Z";"2020-11-22T23:59:59.999Z";"2020-11-18T02:07:07.000Z";"2020-11-22T08:01:08.000Z";"2781";1.0006467;1.00134054;0.99802083;0.99920264;436709229860.27;18454866337.45;18469593301.05;"2020-11-22T23:59:59.999Z"
"2020-11-09T00:00:00.000Z";"2020-11-15T23:59:59.999Z";"2020-11-11T02:07:07.000Z";"2020-11-14T10:19:07.000Z";"2781";1.00084587;1.00145395;0.99930459;1.0006467;286908258239.28;17878397979.4;17866843500.89;"2020-11-15T23:59:59.999Z"
"2020-11-02T00:00:00.000Z";"2020-11-08T23:59:59.999Z";"2020-11-07T20:16:07.000Z";"2020-11-06T01:22:07.000Z";"2781";1.00037867;1.00184746;0.99961427;1.00084587;339452909802.4;17210335408.9;17195790004.39;"2020-11-08T23:59:59.999Z"
"2020-10-26T00:00:00.000Z";"2020-11-01T23:59:59.999Z";"2020-10-26T22:10:10.000Z";"2020-10-29T09:40:07.000Z";"2781";1.00072093;1.0011648;1.00003437;1.00037867;329832308285.03;16660908761.15;16654602134.3;"2020-11-01T23:59:59.999Z"
"2020-10-19T00:00:00.000Z";"2020-10-25T23:59:59.999Z";"2020-10-21T23:20:24.000Z";"2020-10-19T11:20:24.000Z";"2781";1.0007744;1.00215446;1.00037589;1.00072093;313183546609.8;16284768872.05;16273037134.71;"2020-10-25T23:59:59.999Z"
"2020-10-12T00:00:00.000Z";"2020-10-18T23:59:59.999Z";"2020-10-13T02:20:24.000Z";"2020-10-16T16:25:54.000Z";"2781";1.00078376;1.00135795;1.00056687;1.00078389;273945049398.98;15829362025.3;15816963304.27;"2020-10-18T23:59:59.999Z"
"2020-10-05T00:00:00.000Z";"2020-10-11T23:59:59.999Z";"2020-10-05T09:21:24.000Z";"2020-10-07T18:01:24.000Z";"2781";1.00136036;1.00187766;1.00001835;1.00073445;270423677816.87;15733015683.48;15721468977.43;"2020-10-11T23:59:59.999Z"
"2020-09-28T00:00:00.000Z";"2020-10-04T23:59:59.999Z";"2020-10-01T15:55:25.000Z";"2020-10-01T18:11:24.000Z";"2781";1.0012785;1.00331119;0.99974145;1.00135929;263322850835.06;15596092060.19;15574921181.64;"2020-10-04T23:59:59.999Z"
"2020-09-21T00:00:00.000Z";"2020-09-27T23:59:59.999Z";"2020-09-27T06:45:24.000Z";"2020-09-21T12:50:24.000Z";"2781";1.00129142;1.004022;0.99935497;1.0014864;310742545247.64;15362440714.91;15339639837.5;"2020-09-27T23:59:59.999Z"
"2020-09-14T00:00:00.000Z";"2020-09-20T23:59:59.999Z";"2020-09-14T14:15:28.000Z";"2020-09-14T05:25:27.000Z";"2781";0.99966236;1.00473056;0.99794984;1.00161802;382441941470.23;15222998158.58;15198406769.7;"2020-09-20T23:59:59.999Z"
"2020-09-07T00:00:00.000Z";"2020-09-13T23:59:59.999Z";"2020-09-11T10:35:25.000Z";"2020-09-10T11:06:32.000Z";"2781";1.00117241;1.00426548;0.99252369;1.00033827;393727595895.61;14714307360.07;14709331640.51;"2020-09-13T23:59:59.999Z"
"2020-08-31T00:00:00.000Z";"2020-09-06T23:59:59.999Z";"2020-08-31T08:20:50.000Z";"2020-08-31T07:26:59.000Z";"2781";0.99718257;1.01504157;0.88822003;1.00101933;453153189898.55;14141960009.9;14127559419.59;"2020-09-06T23:59:59.999Z"
"2020-08-24T00:00:00.000Z";"2020-08-30T23:59:59.999Z";"2020-08-28T10:07:45.000Z";"2020-08-29T10:58:07.000Z";"2781";1.01328643;1.18787928;0.00923068;0.99582927;255756777490.76;9956521839.91;9998221723.19;"2020-08-30T23:59:59.999Z"
"2020-08-17T00:00:00.000Z";"2020-08-23T23:59:59.999Z";"2020-08-21T21:27:13.000Z";"2020-08-17T14:18:02.000Z";"2781";1.00711366;1.02885841;0.99881117;1.0132265;329653146534.79;10130463202.82;9998221723.19;"2020-08-23T23:59:59.999Z"
"2020-08-10T00:00:00.000Z";"2020-08-16T23:59:59.999Z";"2020-08-13T09:00:03.000Z";"2020-08-15T15:55:03.000Z";"2781";1.00732911;1.01926118;0.99803972;1.00723669;298072452625.02;10070575754.36;9998221723.19;"2020-08-16T23:59:59.999Z"
"2020-08-03T00:00:00.000Z";"2020-08-09T23:59:59.999Z";"2020-08-03T03:25:13.000Z";"2020-08-03T15:07:05.000Z";"2781";0.9978677616;1.0234873906;0.9938914066;1.0031700602;26113895985.88;10029916687.55;9998221723.19;"2020-08-09T23:59:59.999Z"
"2020-07-27T00:00:00.000Z";"2020-08-02T23:59:59.999Z";"2020-08-02T04:43:07.000Z";"2020-08-02T04:14:07.000Z";"2781";0.9987961069;1.0563730601;0.9915392872;0.9978507368;43620863809.69;9976732913.64;9998221723.19;"2020-08-02T23:59:59.999Z"
"2020-07-20T00:00:00.000Z";"2020-07-26T23:59:59.999Z";"2020-07-26T10:31:07.000Z";"2020-07-22T22:31:01.000Z";"2781";0.9984072587;1.0095570047;0.9908110655;0.9988707444;28852807825.8;9986931175.59;9998221723.19;"2020-07-26T23:59:59.999Z"
"2020-07-13T00:00:00.000Z";"2020-07-19T23:59:59.999Z";"2020-07-18T15:44:06.000Z";"2020-07-19T17:08:18.000Z";"2781";0.9982900561;1.0071844903;0.9947171168;0.9983520416;16068695379.68;9172850234.92;9187991662.61;"2020-07-19T23:59:59.999Z"
"2020-07-06T00:00:00.000Z";"2020-07-12T23:59:59.999Z";"2020-07-09T23:14:04.000Z";"2020-07-07T08:25:11.000Z";"2781";0.9983761802;1.0067371907;0.9905762982;0.9986339627;18560508406.22;9175440523.62;9187991662.61;"2020-07-12T23:59:59.999Z"
"2020-06-29T00:00:00.000Z";"2020-07-05T23:59:59.999Z";"2020-07-02T22:45:25.000Z";"2020-07-04T18:48:09.000Z";"2781";1.001613598;1.0202627853;0.9957042398;0.998898776;18453609715.52;9177873625.93;9187991662.61;"2020-07-05T23:59:59.999Z"
"2020-06-22T00:00:00.000Z";"2020-06-28T23:59:59.999Z";"2020-06-28T09:14:01.000Z";"2020-06-28T07:08:01.000Z";"2781";1.0017778001;1.0142565804;0.9895366452;1.0025145936;18015458533.16;9211095727.18;9187991662.61;"2020-06-28T23:59:59.999Z"
"2020-06-15T00:00:00.000Z";"2020-06-21T23:59:59.999Z";"2020-06-15T01:52:24.000Z";"2020-06-20T04:07:09.000Z";"2781";1.0052728784;1.0130389572;0.9914502365;1.001363238;18590123868.09;9200517082.35;9187991662.61;"2020-06-21T23:59:59.999Z"
"2020-06-08T00:00:00.000Z";"2020-06-14T23:59:59.999Z";"2020-06-09T00:25:02.000Z";"2020-06-10T18:47:00.000Z";"2781";1.0030630815;1.0170344752;0.9884265066;1.0054471494;21206505066.42;9238040026.25;9187991662.61;"2020-06-14T23:59:59.999Z"
"2020-06-01T00:00:00.000Z";"2020-06-07T23:59:59.999Z";"2020-06-02T14:51:01.000Z";"2020-06-01T23:12:01.000Z";"2781";0.9996007328;1.0353091339;0.985651299;1.0030136446;29418233805.88;9215681003.7;9187991662.61;"2020-06-07T23:59:59.999Z"
"2020-05-25T00:00:00.000Z";"2020-05-31T23:59:59.999Z";"2020-05-28T19:02:04.000Z";"2020-05-30T22:46:00.000Z";"2781";1.0007732876;1.0081075202;0.9909780139;0.9980332993;35009124469.7;8780766210.21;8798069379.47;"2020-05-31T23:59:59.999Z"
"2020-05-18T00:00:00.000Z";"2020-05-24T23:59:59.999Z";"2020-05-24T23:38:06.000Z";"2020-05-19T08:21:04.000Z";"2781";1.0014493876;1.0156872725;0.9926632263;1.0010891672;38944229193.91;8807651948.33;8798069379.47;"2020-05-24T23:59:59.999Z"
"2020-05-11T00:00:00.000Z";"2020-05-17T23:59:59.999Z";"2020-05-11T16:42:00.000Z";"2020-05-11T12:44:01.000Z";"2781";1.0013398572;1.0227525809;0.9711674657;1.0015896587;45525203694.87;8812055307.35;8798069379.47;"2020-05-17T23:59:59.999Z"
"2020-05-04T00:00:00.000Z";"2020-05-10T23:59:59.999Z";"2020-05-10T00:22:01.000Z";"2020-05-10T20:05:01.000Z";"2781";1.0030841626;1.06048507;0.9869788359;1.0010546621;79545041692.81;6367741248.65;6361032509;"2020-05-10T23:59:59.999Z"
"2020-04-27T00:00:00.000Z";"2020-05-03T23:59:59.999Z";"2020-04-30T09:09:01.000Z";"2020-04-29T16:47:04.000Z";"2781";1.0011429541;1.0186691066;0.9924383678;1.0035079914;58963072938.13;6383346956.15;6361032509;"2020-05-03T23:59:59.999Z"
"2020-04-20T00:00:00.000Z";"2020-04-26T23:59:59.999Z";"2020-04-20T11:49:08.000Z";"2020-04-23T14:24:00.000Z";"2781";1.0077405346;1.0163547565;0.979667983;1.0003122957;46243541830.3;6363019031.78;6361032509;"2020-04-26T23:59:59.999Z"
"2020-04-13T00:00:00.000Z";"2020-04-19T23:59:59.999Z";"2020-04-13T00:33:00.000Z";"2020-04-16T07:12:06.000Z";"2781";1.0084339437;1.0246366459;0.9811028546;1.007703713;44414316787.21;6410036078.02;6361032509;"2020-04-19T23:59:59.999Z"
"2020-04-06T00:00:00.000Z";"2020-04-12T23:59:59.999Z";"2020-04-10T05:05:03.000Z";"2020-04-11T03:02:03.000Z";"2781";1.0036643598;1.0177402994;0.984242712;1.0081686128;44856466499.65;6412993320.45;6361032509;"2020-04-12T23:59:59.999Z"
"2020-03-30T00:00:00.000Z";"2020-04-05T23:59:59.999Z";"2020-04-04T20:38:00.000Z";"2020-04-01T22:44:03.000Z";"2781";1.0017277822;1.017382196;0.9742148364;1.0028496064;35625789595.74;6183665131.11;6166094189.58;"2020-04-05T23:59:59.999Z"
"2020-03-23T00:00:00.000Z";"2020-03-29T23:59:59.999Z";"2020-03-27T23:46:03.000Z";"2020-03-23T13:06:04.000Z";"2781";1.0007418361;1.0287574427;0.9651606484;1.0019628043;35069971228.23;4651479472.58;4642367414;"2020-03-29T23:59:59.999Z"
"2020-03-16T00:00:00.000Z";"2020-03-22T23:59:59.999Z";"2020-03-16T13:32:03.000Z";"2020-03-19T16:29:00.000Z";"2781";1.0009703565;1.0413902264;0.9535861988;0.9990315939;49036623748.67;4637871716.99;4642367414;"2020-03-22T23:59:59.999Z"
"2020-03-09T00:00:00.000Z";"2020-03-15T23:59:59.999Z";"2020-03-13T02:03:00.000Z";"2020-03-13T02:42:01.000Z";"2781";1.009595108;1.0848018246;0.8994899733;1.0019866606;43945453267.96;4651590222.29;4642367414;"2020-03-15T23:59:59.999Z"
"2020-03-02T00:00:00.000Z";"2020-03-08T23:59:59.999Z";"2020-03-08T16:20:01.000Z";"2020-03-03T15:05:02.000Z";"2781";1.0015392774;1.0217939882;0.9935946675;1.0097749185;54758243671.78;4687746177.07;4642367414;"2020-03-08T23:59:59.999Z"
"2020-02-24T00:00:00.000Z";"2020-03-01T23:59:59.999Z";"2020-02-26T16:47:01.000Z";"2020-02-28T13:10:03.000Z";"2781";0.9991375478;1.0127162322;0.9919331796;1.0004983043;45828960109.12;4644680725.41;4642367414;"2020-03-01T23:59:59.999Z"
"2020-02-17T00:00:00.000Z";"2020-02-23T23:59:59.999Z";"2020-02-19T21:51:01.000Z";"2020-02-18T21:07:01.000Z";"2781";1.0007165164;1.0309587599;0.9893978004;0.9980165851;47448629411.26;4633159673.29;4642367414;"2020-02-23T23:59:59.999Z"
"2020-02-10T00:00:00.000Z";"2020-02-16T23:59:59.999Z";"2020-02-13T08:15:02.000Z";"2020-02-11T18:25:01.000Z";"2781";1.001228165;1.0158317738;0.9914234153;0.9992722686;60160518245.92;4638989017.38;4642367414;"2020-02-16T23:59:59.999Z"
"2020-02-03T00:00:00.000Z";"2020-02-09T23:59:59.999Z";"2020-02-06T13:50:01.000Z";"2020-02-05T10:45:02.000Z";"2781";1.0013612302;1.0182468009;0.9936032691;1.001472724;44977724507.94;4649204339.81;4642367414;"2020-02-09T23:59:59.999Z"
"2020-01-27T00:00:00.000Z";"2020-02-02T23:59:59.999Z";"2020-01-30T16:34:00.000Z";"2020-01-28T07:31:02.000Z";"2781";1.0015496675;1.0109956196;0.9910666496;1.0005440746;40560625161.1;4644893208.29;4642367414;"2020-02-02T23:59:59.999Z"
"2020-01-20T00:00:00.000Z";"2020-01-26T23:59:59.999Z";"2020-01-26T15:31:01.000Z";"2020-01-24T11:34:01.000Z";"2781";0.9986414152;1.0083369886;0.9929167518;1.0005042358;29121614730.82;4644708262.03;4642367414;"2020-01-26T23:59:59.999Z"
"2020-01-13T00:00:00.000Z";"2020-01-19T23:59:59.999Z";"2020-01-19T11:08:01.000Z";"2020-01-17T08:16:01.000Z";"2781";1.0019630181;1.0259115609;0.9892797359;0.9985348656;42680566067.21;4630413450.61;4637207582.95;"2020-01-19T23:59:59.999Z"
"2020-01-06T00:00:00.000Z";"2020-01-12T23:59:59.999Z";"2020-01-08T16:47:01.000Z";"2020-01-08T00:59:04.000Z";"2781";1.0064167656;1.0159506487;0.9900673717;1.0024777822;27250055613.29;4637604060.09;4626141489.19;"2020-01-12T23:59:59.999Z"
"2019-12-30T00:00:00.000Z";"2020-01-05T23:59:59.999Z";"2020-01-03T05:39:01.000Z";"2020-01-02T14:03:01.000Z";"2781";1.0040508162;1.0222858083;0.9865150328;1.0061966885;24090142145.91;4133500727.77;4108044456.1;"2020-01-05T23:59:59.999Z"
"2019-12-23T00:00:00.000Z";"2019-12-29T23:59:59.999Z";"2019-12-25T11:18:00.000Z";"2019-12-25T15:29:01.000Z";"2781";1.0040396374;1.0393191368;0.9915056276;1.0042100452;26657374931.75;4125339508.86;4108044456.1;"2019-12-29T23:59:59.999Z"
"2019-12-16T00:00:00.000Z";"2019-12-22T23:59:59.999Z";"2019-12-18T09:04:01.000Z";"2019-12-21T08:44:01.000Z";"2781";1.0044939874;1.0250730667;0.9870171825;1.0038866948;26913344235.63;4124011171.29;4108044456.1;"2019-12-22T23:59:59.999Z"
"2019-12-09T00:00:00.000Z";"2019-12-15T23:59:59.999Z";"2019-12-11T11:51:01.000Z";"2019-12-11T07:59:01.000Z";"2781";1.0065156449;1.044160982;0.9792621268;1.004616044;19575469230.12;4127007369.9;4108044456.1;"2019-12-15T23:59:59.999Z"
"2019-12-02T00:00:00.000Z";"2019-12-08T23:59:59.999Z";"2019-12-05T12:22:00.000Z";"2019-12-04T13:27:02.000Z";"2781";1.0027465033;1.0212862062;0.9811525371;1.0063763961;16556799285.74;4134238974.83;4108044456.1;"2019-12-08T23:59:59.999Z"
"2019-11-25T00:00:00.000Z";"2019-12-01T23:59:59.999Z";"2019-11-27T08:13:01.000Z";"2019-11-27T12:10:01.000Z";"2781";1.0149582823;1.0306668163;0.9813919232;1.0024807923;21027847332.3;4118235661.15;4108044456.1;"2019-12-01T23:59:59.999Z"
"2019-11-18T00:00:00.000Z";"2019-11-24T23:59:59.999Z";"2019-11-24T16:18:00.000Z";"2019-11-22T08:07:00.000Z";"2781";1.0085180843;1.0286417847;0.9916555879;1.0175186715;25990545760.92;4180011937.39;4108044456.1;"2019-11-24T23:59:59.999Z"
"2019-11-11T00:00:00.000Z";"2019-11-17T23:59:59.999Z";"2019-11-17T23:24:01.000Z";"2019-11-15T09:05:00.000Z";"2781";1.0028379708;1.0191754859;0.9953980393;1.0084711887;20418489157.32;4142844475.71;4108044456.1;"2019-11-17T23:59:59.999Z"
"2019-11-04T00:00:00.000Z";"2019-11-10T23:59:59.999Z";"2019-11-08T13:30:01.000Z";"2019-11-10T16:23:01.000Z";"2781";1.004041708;1.0114058658;0.9881442856;1.0026938425;24552202766.58;4119110880.64;4108044456.1;"2019-11-10T23:59:59.999Z"
"2019-10-28T00:00:00.000Z";"2019-11-03T23:59:59.999Z";"2019-10-31T08:46:01.000Z";"2019-10-28T01:33:01.000Z";"2781";1.0028239851;1.0343872327;0.9788207315;1.00444736;24597499286.73;4126314408.69;4108044456.1;"2019-11-03T23:59:59.999Z"
"2019-10-21T00:00:00.000Z";"2019-10-27T23:59:59.999Z";"2019-10-23T12:47:03.000Z";"2019-10-26T01:46:02.000Z";"2781";1.0028006251;1.0352391992;0.9693534506;1.0042417671;40519447548.97;4125469824;4108044456.1;"2019-10-27T23:59:59.999Z"
"2019-10-14T00:00:00.000Z";"2019-10-20T23:59:59.999Z";"2019-10-18T05:36:01.000Z";"2019-10-14T16:38:01.000Z";"2781";1.0048399832;1.0151429244;0.9946546402;1.0028861835;19329244105.53;4119901026.02;4108044456.1;"2019-10-20T23:59:59.999Z"
"2019-10-07T00:00:00.000Z";"2019-10-13T23:59:59.999Z";"2019-10-11T05:33:01.000Z";"2019-10-11T04:55:01.000Z";"2781";1.0110952114;1.018587838;0.9947631051;1.0049423722;16192755685.79;4128347940.82;4108044456.1;"2019-10-13T23:59:59.999Z"
"2019-09-30T00:00:00.000Z";"2019-10-06T23:59:59.999Z";"2019-10-06T18:41:01.000Z";"2019-09-30T09:33:00.000Z";"2781";1.0059899042;1.0191643315;0.9979388859;1.012086871;15827357438.67;4157697859.38;4108044456.1;"2019-10-06T23:59:59.999Z"
"2019-09-23T00:00:00.000Z";"2019-09-29T23:59:59.999Z";"2019-09-24T19:05:02.000Z";"2019-09-26T18:56:01.000Z";"2781";1.0032890233;1.0572028117;0.9956438089;1.005676601;15804140911.77;4131364185.29;4108044456.1;"2019-09-29T23:59:59.999Z"
"2019-09-16T00:00:00.000Z";"2019-09-22T23:59:59.999Z";"2019-09-19T03:07:01.000Z";"2019-09-19T20:04:01.000Z";"2781";1.0038774264;1.0220253346;0.9962389496;1.0026343835;16627445895.65;4118866620.59;4108044456.1;"2019-09-22T23:59:59.999Z"
"2019-09-09T00:00:00.000Z";"2019-09-15T23:59:59.999Z";"2019-09-10T19:40:01.000Z";"2019-09-09T11:24:01.000Z";"2781";1.003200803;1.0109883433;0.9936797525;1.0039040809;14415596813.45;4123580641.88;4107544456.1;"2019-09-15T23:59:59.999Z"
"2019-09-02T00:00:00.000Z";"2019-09-08T23:59:59.999Z";"2019-09-08T11:10:01.000Z";"2019-09-02T20:34:01.000Z";"2781";1.0043843411;1.0192400527;0.9959558951;1.0052532983;16261435449.56;4092580761.9;4071193567.81;"2019-09-08T23:59:59.999Z"
"2019-08-26T00:00:00.000Z";"2019-09-01T23:59:59.999Z";"2019-08-28T18:19:02.000Z";"2019-08-26T00:18:01.000Z";"2781";0.9984586524;1.0161892382;0.9904796377;1.004573208;13692453816.59;4026198549.68;4007869727.73;"2019-09-01T23:59:59.999Z"
"2019-08-19T00:00:00.000Z";"2019-08-25T23:59:59.999Z";"2019-08-22T14:38:04.000Z";"2019-08-21T23:42:01.000Z";"2781";1.0031405652;1.0150073737;0.9888114104;0.9995585533;15701077261.54;4047319906.56;4049107371.68;"2019-08-25T23:59:59.999Z"
"2019-08-12T00:00:00.000Z";"2019-08-18T23:59:59.999Z";"2019-08-16T05:16:00.000Z";"2019-08-16T11:54:01.000Z";"2781";0.9975281039;1.0094213629;0.9893887742;1.0034218859;14364172776.12;4057444465.69;4043607701.6;"2019-08-18T23:59:59.999Z"
"2019-08-05T00:00:00.000Z";"2019-08-11T23:59:59.999Z";"2019-08-06T10:35:03.000Z";"2019-08-08T20:14:01.000Z";"2781";1.0054909811;1.0206184382;0.9928728637;0.9976500652;16176202792.81;4033923479.86;4043425265.44;"2019-08-11T23:59:59.999Z"
"2019-07-29T00:00:00.000Z";"2019-08-04T23:59:59.999Z";"2019-08-03T18:08:00.000Z";"2019-07-29T16:08:02.000Z";"2781";1.0020778264;1.0165071034;0.9911451757;1.0050675671;16547093138.49;4046865534.54;4026461172.54;"2019-08-04T23:59:59.999Z"
"2019-07-22T00:00:00.000Z";"2019-07-28T23:59:59.999Z";"2019-07-27T10:27:03.000Z";"2019-07-28T22:55:01.000Z";"2781";1.000631502;1.0212211101;0.9849612511;1.0022355466;14944677256.93;4036568222.78;4027564414.77;"2019-07-28T23:59:59.999Z"
"2019-07-15T00:00:00.000Z";"2019-07-21T23:59:59.999Z";"2019-07-19T13:06:02.000Z";"2019-07-17T12:27:01.000Z";"2781";1.00077202;1.0196413844;0.9893079156;1.0007834665;18408364222.25;4030144849.92;4026989838.17;"2019-07-21T23:59:59.999Z"
"2019-07-08T00:00:00.000Z";"2019-07-14T23:59:59.999Z";"2019-07-09T10:15:01.000Z";"2019-07-13T22:11:00.000Z";"2781";1.0026876733;1.0188334565;0.993898042;0.9999951472;23891996869.56;3916691731.6;3916710738.59;"2019-07-14T23:59:59.999Z"
"2019-07-01T00:00:00.000Z";"2019-07-07T23:59:59.999Z";"2019-07-04T23:10:01.000Z";"2019-07-02T11:47:01.000Z";"2781";0.9915383435;1.0135154784;0.9769747514;1.0024501434;19840392097.2;3710332354.5;3701263727.76;"2019-07-07T23:59:59.999Z"
"2019-06-24T00:00:00.000Z";"2019-06-30T23:59:59.999Z";"2019-06-26T21:15:02.000Z";"2019-06-27T17:32:01.000Z";"2781";0.9955284659;1.0124760885;0.970494081;0.9924869916;27348295158.14;3573328668.1;3600378340.86;"2019-06-30T23:59:59.999Z"
"2019-06-17T00:00:00.000Z";"2019-06-23T23:59:59.999Z";"2019-06-22T14:38:01.000Z";"2019-06-23T22:08:02.000Z";"2781";1.0030196811;1.0212506994;0.9917423977;0.9966908987;20905913458.19;3520635647.66;3532324467.23;"2019-06-23T23:59:59.999Z"
"2019-06-10T00:00:00.000Z";"2019-06-16T23:59:59.999Z";"2019-06-16T08:49:02.000Z";"2019-06-10T11:37:00.000Z";"2781";1.0020383827;1.0159044041;0.9981463912;1.0029586988;23029024600.22;3479357226.75;3469093224.69;"2019-06-16T23:59:59.999Z"
"2019-06-03T00:00:00.000Z";"2019-06-09T23:59:59.999Z";"2019-06-06T11:16:01.000Z";"2019-06-04T00:21:01.000Z";"2781";1.0022703095;1.0145906862;0.9877462873;1.0029711477;17201793659.37;3248557122.43;3238933771.74;"2019-06-09T23:59:59.999Z"
"2019-05-27T00:00:00.000Z";"2019-06-02T23:59:59.999Z";"2019-05-27T16:45:01.000Z";"2019-05-31T13:04:00.000Z";"2781";1.0112733034;1.0303301066;0.9931820387;1.0021150565;19634978742.55;3138617718.16;3131993375.22;"2019-06-02T23:59:59.999Z"
"2019-05-20T00:00:00.000Z";"2019-05-26T23:59:59.999Z";"2019-05-20T00:48:01.000Z";"2019-05-22T15:27:02.000Z";"2781";1.0108663694;1.020728406;0.9946819346;1.0098576181;21971964413.13;3092734489.9;3062545089.93;"2019-05-26T23:59:59.999Z"
"2019-05-13T00:00:00.000Z";"2019-05-19T23:59:59.999Z";"2019-05-19T12:24:00.000Z";"2019-05-17T03:16:01.000Z";"2781";0.9956248396;1.0169832333;0.9766097888;1.0106096776;26838449166.67;2870362981.91;2840229067.14;"2019-05-19T23:59:59.999Z"
"2019-05-06T00:00:00.000Z";"2019-05-12T23:59:59.999Z";"2019-05-12T08:15:00.000Z";"2019-05-10T04:18:01.000Z";"2781";1.0019387438;1.0146518216;0.991036499;0.9956337956;26115401657.02;2765964069.6;2778093794.93;"2019-05-12T23:59:59.999Z"
"2019-04-29T00:00:00.000Z";"2019-05-05T23:59:59.999Z";"2019-05-03T10:06:01.000Z";"2019-04-29T00:42:01.000Z";"2781";0.9939066187;1.01388727;0.9930033456;1.0022760855;12450308258.58;2786657649.43;2780329381.93;"2019-05-05T23:59:59.999Z"
"2019-04-22T00:00:00.000Z";"2019-04-28T23:59:59.999Z";"2019-04-25T22:07:01.000Z";"2019-04-26T02:42:04.000Z";"2781";1.0068306073;1.019382846;0.974206416;0.9938727849;10548623451.89;2829388043.53;2846831190.59;"2019-04-28T23:59:59.999Z"
"2019-04-15T00:00:00.000Z";"2019-04-21T23:59:59.999Z";"2019-04-15T17:36:01.000Z";"2019-04-16T17:33:00.000Z";"2781";1.0051074159;1.0151391736;0.9972633156;1.0066570892;12526292373.74;2601017107.19;2583816411;"2019-04-21T23:59:59.999Z"
"2019-04-08T00:00:00.000Z";"2019-04-14T23:59:59.999Z";"2019-04-10T20:42:01.000Z";"2019-04-08T01:14:00.000Z";"2781";1.0049159424;1.0227345863;0.9997688632;1.0053782283;9870255987.33;2431637598.13;2418629655.77;"2019-04-14T23:59:59.999Z"
"2019-04-01T00:00:00.000Z";"2019-04-07T23:59:59.999Z";"2019-04-03T22:46:01.000Z";"2019-04-02T04:36:00.000Z";"2781";1.0005733379;1.0382064827;0.992272114;1.0046009792;16782653244.06;2090015279.43;2080443203.63;"2019-04-07T23:59:59.999Z"
"2019-03-25T00:00:00.000Z";"2019-03-31T23:59:59.999Z";"2019-03-30T05:30:00.000Z";"2019-03-30T02:44:01.000Z";"2781";1.0071529604;1.053421069;0.9932537975;1.0005588947;8108743210.99;2029986704.61;2028852789.56;"2019-03-31T23:59:59.999Z"
"2019-03-18T00:00:00.000Z";"2019-03-24T23:59:59.999Z";"2019-03-19T11:48:01.000Z";"2019-03-24T09:43:02.000Z";"2781";1.0104736456;1.0187795174;1.0043276107;1.0056376131;7789146126.55;2032100364.21;2020708392.11;"2019-03-24T23:59:59.999Z"
"2019-03-11T00:00:00.000Z";"2019-03-17T23:59:59.999Z";"2019-03-14T14:26:00.000Z";"2019-03-12T11:57:02.000Z";"2781";1.0086347611;1.0165778861;1.0018208945;1.0092183283;7070867589.02;2020136778.62;2001684592.85;"2019-03-17T23:59:59.999Z"
"2019-03-04T00:00:00.000Z";"2019-03-10T23:59:59.999Z";"2019-03-06T00:32:01.000Z";"2019-03-08T06:33:01.000Z";"2781";1.0086027815;1.0171645966;1.0047205619;1.0088224863;7993146407.77;2011853490.02;1994259165.85;"2019-03-10T23:59:59.999Z"
"2019-02-25T00:00:00.000Z";"2019-03-03T23:59:59.999Z";"2019-02-25T20:29:01.000Z";"2019-02-28T15:41:01.000Z";"2781";1.0123250112;1.0221178286;1.0053965203;1.0102196665;6148316202.3;2043328704.97;2022657816.56;"2019-03-03T23:59:59.999Z"
"2019-02-18T00:00:00.000Z";"2019-02-24T23:59:59.999Z";"2019-02-24T14:19:02.000Z";"2019-02-18T01:10:00.000Z";"2781";1.0016119749;1.0491157806;0.9964806727;1.0120456675;11405442805.93;2045808839.82;2021459016.56;"2019-02-24T23:59:59.999Z"
"2019-02-11T00:00:00.000Z";"2019-02-17T23:59:59.999Z";"2019-02-11T00:09:01.000Z";"2019-02-17T10:29:01.000Z";"2781";1.0042423215;1.0124701933;0.9925128054;1.0009564119;5746888553.12;2023392364.04;2021459016.56;"2019-02-17T23:59:59.999Z"
"2019-02-04T00:00:00.000Z";"2019-02-10T23:59:59.999Z";"2019-02-06T01:19:00.000Z";"2019-02-08T16:55:00.000Z";"2781";1.0015063491;1.0128783554;0.9867687129;1.0042170134;4965113767.7;2029926998.8;2021402716.56;"2019-02-10T23:59:59.999Z"
"2019-01-28T00:00:00.000Z";"2019-02-03T23:59:59.999Z";"2019-01-28T15:27:02.000Z";"2019-02-03T03:37:00.000Z";"2781";1.0094051882;1.0137438176;0.9981109675;1.0000466311;3756996123.63;2020950151.37;2020855916.56;"2019-02-03T23:59:59.999Z"
"2019-01-21T00:00:00.000Z";"2019-01-27T23:59:59.999Z";"2019-01-21T04:24:01.000Z";"2019-01-26T07:40:01.000Z";"2781";1.015523874;1.0226111185;1.0042576614;1.0087172457;3932642453.36;2034836040.58;2017251166.56;"2019-01-27T23:59:59.999Z"
"2019-01-14T00:00:00.000Z";"2019-01-20T23:59:59.999Z";"2019-01-20T12:18:02.000Z";"2019-01-19T10:05:01.000Z";"2781";1.0202086693;1.027487941;1.0100329935;1.0171463136;4389435191.33;2050721693.05;2016152116.56;"2019-01-20T23:59:59.999Z"
"2019-01-07T00:00:00.000Z";"2019-01-13T23:59:59.999Z";"2019-01-10T16:13:06.000Z";"2019-01-09T21:19:07.000Z";"2781";1.0223542812;1.0481809967;1.0103035533;1.0200907043;3380321685.87;1967105373.4;1928363198.56;"2019-01-13T23:59:59.999Z"
"2018-12-31T00:00:00.000Z";"2019-01-06T23:59:59.999Z";"2019-01-03T16:25:05.000Z";"2019-01-06T17:20:02.000Z";"2781";1.0197323556;1.0268251737;1.0048424305;1.023577683;4224650069.65;1910347640.98;1866343583.56;"2019-01-06T23:59:59.999Z"
"2018-12-24T00:00:00.000Z";"2018-12-30T23:59:59.999Z";"2018-12-29T23:48:00.000Z";"2018-12-28T15:39:03.000Z";"2781";1.0160578383;1.0486951489;0.9970924764;1.0190858705;3762583033.15;1893629500.5;1858164807.56;"2018-12-30T23:59:59.999Z"
"2018-12-17T00:00:00.000Z";"2018-12-23T23:59:59.999Z";"2018-12-20T20:11:02.000Z";"2018-12-17T12:15:03.000Z";"2781";1.0069683687;1.0350002634;0.9954314554;1.0159549508;5243877297.52;1886040853.1;1856421735.62;"2018-12-23T23:59:59.999Z"
"2018-12-10T00:00:00.000Z";"2018-12-16T23:59:59.999Z";"2018-12-10T06:14:01.000Z";"2018-12-14T10:17:04.000Z";"2781";1.0151802061;1.0237293821;0.996187483;1.0063361287;2322330505.45;1868184262.64;1856421735.62;"2018-12-16T23:59:59.999Z"
"2018-12-03T00:00:00.000Z";"2018-12-09T23:59:59.999Z";"2018-12-08T21:44:02.000Z";"2018-12-06T14:54:01.000Z";"2781";0.9966758181;1.0215063597;0.9820764184;1.0155021257;3210392368.53;1885200218.76;1856421735.62;"2018-12-09T23:59:59.999Z"
"2018-11-26T00:00:00.000Z";"2018-12-02T23:59:59.999Z";"2018-12-01T21:18:02.000Z";"2018-11-27T10:24:04.000Z";"2781";0.975026;1.0158947175;0.966279;0.9983716634;3221855294.29;1853398856.15;1856421735.62;"2018-12-02T23:59:59.999Z"
"2018-11-19T00:00:00.000Z";"2018-11-25T23:59:59.999Z";"2018-11-19T05:51:05.000Z";"2018-11-20T09:04:00.000Z";"2781";0.993963;1.00462;0.950014;0.980969;5223930000;1821092173.57;1856421735.62;"2018-11-25T23:59:59.999Z"
"2018-11-12T00:00:00.000Z";"2018-11-18T23:59:59.999Z";"2018-11-14T16:33:01.000Z";"2018-11-15T15:15:03.000Z";"2781";0.990272;1.00305;0.962447;0.992533;3037000000;1743306534.52;1756421735.62;"2018-11-18T23:59:59.999Z"
"2018-11-05T00:00:00.000Z";"2018-11-11T23:59:59.999Z";"2018-11-05T02:02:09.000Z";"2018-11-06T13:21:02.000Z";"2781";0.989849;1.00721;0.987816;0.990462;2634060000;1690145885.11;1706421735.62;"2018-11-11T23:59:59.999Z"
"2018-10-29T00:00:00.000Z";"2018-11-04T23:59:59.999Z";"2018-11-01T04:34:03.000Z";"2018-11-04T18:30:08.000Z";"2781";0.996364;1.01788;0.945723;0.988708;2955200000;1756362381.39;1776421735.62;"2018-11-04T23:59:59.999Z"
"2018-10-22T00:00:00.000Z";"2018-10-28T23:59:59.999Z";"2018-10-28T16:03:03.000Z";"2018-10-22T06:24:04.000Z";"2781";0.985726;0.998892;0.976333;0.998453;1729890000;1923441561.2;1926421735.62;"2018-10-28T23:59:59.999Z"
"2018-10-15T00:00:00.000Z";"2018-10-21T23:59:59.999Z";"2018-10-15T00:04:00.000Z";"2018-10-15T06:49:01.000Z";"2781";0.993084;0.993084;0.925284;0.983548;2188330000;2042260445.23;2076421735.62;"2018-10-21T23:59:59.999Z"
"2018-10-08T00:00:00.000Z";"2018-10-14T23:59:59.999Z";"2018-10-11T01:14:00.000Z";"2018-10-12T06:09:01.000Z";"2781";0.996229;1.01755;0.98367;0.98957;2008170000;2480279756.92;2506421735.62;"2018-10-14T23:59:59.999Z"
"2018-10-01T00:00:00.000Z";"2018-10-07T23:59:59.999Z";"2018-10-01T14:09:02.000Z";"2018-10-04T01:09:03.000Z";"2781";0.996818;1.00919;0.988396;0.996617;2187670000;2796927610.89;2806421735.62;"2018-10-07T23:59:59.999Z"
"2018-09-24T00:00:00.000Z";"2018-09-30T23:59:59.999Z";"2018-09-28T19:24:03.000Z";"2018-09-27T19:54:01.000Z";"2781";0.999409;1.0135;0.977865;1.00036;3307320000;2807432047.45;2806421735.62;"2018-09-30T23:59:59.999Z"
"2018-09-17T00:00:00.000Z";"2018-09-23T23:59:59.999Z";"2018-09-21T15:39:03.000Z";"2018-09-19T19:24:04.000Z";"2781";0.999014;1.01796;0.96457;0.999512;2804770000;2805052201.82;2806421735.62;"2018-09-23T23:59:59.999Z"
"2018-09-10T00:00:00.000Z";"2018-09-16T23:59:59.999Z";"2018-09-14T08:59:02.000Z";"2018-09-13T13:49:03.000Z";"2781";0.998831;1.01941;0.986957;1.00096;2103110000;2759067900.49;2756421735.62;"2018-09-16T23:59:59.999Z"
"2018-09-03T00:00:00.000Z";"2018-09-09T23:59:59.999Z";"2018-09-06T00:24:02.000Z";"2018-09-09T09:34:02.000Z";"2781";0.995396;1.03331;0.968354;1.00498;2470930000;2770148715.87;2756421735.62;"2018-09-09T23:59:59.999Z"
"2018-08-27T00:00:00.000Z";"2018-09-02T23:59:59.999Z";"2018-08-29T15:54:03.000Z";"2018-08-27T23:44:03.000Z";"2781";1.00164;1.01503;0.983211;0.997839;2844130000;2835998470.36;2842140335.62;"2018-09-02T23:59:59.999Z"
"2018-08-20T00:00:00.000Z";"2018-08-26T23:59:59.999Z";"2018-08-20T22:19:00.000Z";"2018-08-22T01:09:02.000Z";"2781";1.00019;1.01739;0.981115;0.999227;1946530000;2789982011.14;2792140335.62;"2018-08-26T23:59:59.999Z"
"2018-08-13T00:00:00.000Z";"2018-08-19T23:59:59.999Z";"2018-08-13T09:09:10.000Z";"2018-08-14T23:29:09.000Z";"2781";1.00092;1.02054;0.991974;1.00052;2622560000;2723555848.6;2722140335.62;"2018-08-19T23:59:59.999Z"
"2018-08-06T00:00:00.000Z";"2018-08-12T23:59:59.999Z";"2018-08-07T21:19:02.000Z";"2018-08-11T17:19:04.000Z";"2781";1.00184;1.02623;0.978541;1.00049;4066320000;2408319844.39;2407140345.62;"2018-08-12T23:59:59.999Z"
"2018-07-30T00:00:00.000Z";"2018-08-05T23:59:59.999Z";"2018-07-31T14:04:03.000Z";"2018-08-04T14:44:00.000Z";"2781";0.999317;1.00755;0.993336;0.999347;2204100000;2435548892.98;2437140345.62;"2018-08-05T23:59:59.999Z"
"2018-07-23T00:00:00.000Z";"2018-07-29T23:59:59.999Z";"2018-07-27T23:24:09.000Z";"2018-07-25T01:59:03.000Z";"2781";1.0008300543;1.0043900013;0.9850080013;0.9989190102;2404489984;2504430126.91;2507140345.62;"2018-07-29T23:59:59.999Z"
"2018-07-16T00:00:00.000Z";"2018-07-22T23:59:59.999Z";"2018-07-22T21:24:04.000Z";"2018-07-17T17:44:06.000Z";"2781";0.9989659786;1.010619998;0.9797819853;0.9998430014;2209939968;2656723174.59;2657140345.62;"2018-07-22T23:59:59.999Z"
"2018-07-09T00:00:00.000Z";"2018-07-15T23:59:59.999Z";"2018-07-09T22:29:05.000Z";"2018-07-12T23:54:04.000Z";"2781";1.0046000481;1.014179945;0.99446702;0.9983519912;1919559936;2702678978.33;2707140345.62;"2018-07-15T23:59:59.999Z"
"2018-07-02T00:00:00.000Z";"2018-07-08T23:59:59.999Z";"2018-07-06T07:04:00.000Z";"2018-07-07T23:29:00.000Z";"2781";0.9994019866;1.0112400055;0.989027977;1.0042500496;2142080000;2618220692.09;2607140345.62;"2018-07-08T23:59:59.999Z"
"2018-06-25T00:00:00.000Z";"2018-07-01T23:59:59.999Z";"2018-06-29T22:39:01.000Z";"2018-06-27T15:04:09.000Z";"2781";1.0048700571;1.0117000341;0.9814839959;0.9988210201;3653040128;2703948627.16;2707140345.62;"2018-07-01T23:59:59.999Z"
"2018-06-18T00:00:00.000Z";"2018-06-24T23:59:59.999Z";"2018-06-22T13:34:09.000Z";"2018-06-24T16:44:10.000Z";"2781";1.0033899546;1.0263700485;0.9717360139;1.0051000118;3952620032;2620436761.39;2607140345.62;"2018-06-24T23:59:59.999Z"
"2018-06-11T00:00:00.000Z";"2018-06-17T23:59:59.999Z";"2018-06-13T16:29:18.000Z";"2018-06-16T16:49:08.000Z";"2781";1.005300045;1.025769949;0.9879840016;1.005480051;1548390016;2621427474.72;2607140345.62;"2018-06-17T23:59:59.999Z"
"2018-06-04T00:00:00.000Z";"2018-06-10T23:59:59.999Z";"2018-06-10T22:24:10.000Z";"2018-06-10T17:59:09.000Z";"2781";0.9977139831;1.0153199434;0.9890310168;0.9982150197;3845029888;2502665100.11;2507140345.62;"2018-06-10T23:59:59.999Z"
"2018-05-28T00:00:00.000Z";"2018-06-03T23:59:59.999Z";"2018-05-28T05:44:06.000Z";"2018-05-29T11:29:08.000Z";"2781";1.0005700588;1.0107300282;0.9857900143;1.0001000166;2796300032;2507391527.6;2507140813.52;"2018-06-03T23:59:59.999Z"
"2018-05-21T00:00:00.000Z";"2018-05-27T23:59:59.999Z";"2018-05-25T07:09:06.000Z";"2018-05-26T07:29:06.000Z";"2781";0.9995920062;1.0140000582;0.9829049706;0.9991819859;1885900032;2505089972.33;2507140813.52;"2018-05-27T23:59:59.999Z"
"2018-05-14T00:00:00.000Z";"2018-05-20T23:59:59.999Z";"2018-05-16T02:29:06.000Z";"2018-05-14T13:54:06.000Z";"2781";1.0019700527;1.0134299994;0.9895070195;0.9991170168;2610939904;2504927008.18;2507140813.52;"2018-05-20T23:59:59.999Z"
"2018-05-07T00:00:00.000Z";"2018-05-13T23:59:59.999Z";"2018-05-12T06:24:06.000Z";"2018-05-11T07:59:06.000Z";"2781";0.9953510165;1.0193400383;0.9829959869;1.0032500029;3179099904;2214314021.16;2207140813.52;"2018-05-13T23:59:59.999Z"
"2018-04-30T00:00:00.000Z";"2018-05-06T23:59:59.999Z";"2018-04-30T07:09:08.000Z";"2018-05-04T11:54:06.000Z";"2781";0.9975529909;1.012830019;0.9922040105;0.9972019792;3948859904;2190993213.52;2197140813.52;"2018-05-06T23:59:59.999Z"