node,in_degree
a67858826f0a1fc1107e692336d30ede6e6e2a7e6b61fe5e49a17fee601714f9,60
428ba97b30481ccc42c02c775afd51fd83690f32c3c90ba2cf52b0e94d34daec,257
b6099da8e3fb2058818eff61428fa2d3b806c08e61dc292c2dd37fffe72689b2,2
e4dbceb5ea88246ffdd2bb0abd766c3eff22d00e73c1b7e7501610f1e74aea4c,3
470fc4d2d7a8a05c0c7458f26762faf38c5584422ca4bedf03ad08527ff8d668,15
ed3e21c6481f73d6c65c39aef745180b71f4f5428a77d5a8d46d594c10fab68d,3
b758068d17c36b613883638dca266a2c57a3af68f55e8772aa237a6cc828cae6,2
7ff27c04454213fdd5e851ccde5d96461b29f9e1b53c34becbe628312a696ca3,3
134df58785de24a41d0dcfd3faf5e29e2ce6328d5f665e7257ab65f1dc3a09bf,297
b0cbb018f44e00fe28e0763343c20d036d4841061f719f300a7be167a60202c7,38
d6af28d0cd41e203d31d2ea0f695f8860b596158488c9fd1c48162888e7feed4,2
8d42985adbf733a4f3988937c2711995bd1b3cf32e592117e75af5a246de64f7,11
3e84a492010629bf59070db04edeb8bd8f53f388d328f026f66297a753f88b29,2
3abe3710b2f9179ae090bbe85ec863c0f5a940cd289f7bc453cbd066e89b46ee,48
c94557c7f793eb5089ad2c84400263605adc11c8f8f6fba21035cb68c699447e,5
343e9bea203a942eab0cc6400224e6c1d0831fb39a09694987ededaf339287de,3
1b388f8abfeaa84aca81ff8161c3e1b78c81299b05f47597b3a527c77a14a4c9,18
6979c166e9ffca58324fcface1212ff65bcf99479b48551c2bcc05e3852182c9,2
15aea882cf04bcc35077ae54266fa93aab6f9cf523334cc478e436afd29d3a70,2
ad3b42d00ead08ae5943b1cf403aedaeaa5b962d87a59b94c2f2271d66c48e9d,7
02ceb837f43e4d94c95c491bc2c38e7304b3d2761b97d4872bb744233b4013e7,9
80c55374d34dd1e84ddf65e35e5ccd4c99b67a726d87782e5f9b6bb9471ea8a5,2
820f6e689b5f976dfe14fa9e1f8f4c31c6d10112d332092c13248a2afffb01f1,13
6efc3975d93f8e6237e6790bee42cbd43f5847e3204049e1fba7a31b009610b6,2
271ca277d08d83eb21e109da6d6f3662ff16eeb08d82ea0a66caf4b4b74bb530,2
0e9e9b1467b5724291c87a7c3839acfca05ecbdd429b73b0dde8ad7e224428c7,2
c9499af18e40b2ef7c7ab7b62208761c90470ebe9f819b3891cfd4313211d77e,70
f277f4c9bb633bf423c4ece07f250136101951d880c39763a7e7a0d13811342d,3
3acfa8a09f747bf910497f140a09426649f8c9985db79131ba5744c9e8a91edb,4
8e9a62f7430d47e3185a963300f1e57aa4af97b09b6e844e18a7c661674083fe,2
9ceb6c8c5fb163c5300b0d9ebef054b2608d309dce6874ec568bb13051921a62,2
30673a8325c613530bf391af36bdf0716c9046f5f58b092b3d6f8f4730a28f83,11
048def5c3eef10a907fcc36603dfa02d09cb83d1528b43b45551ecc72c3be689,2
6e40771235fd34cceb6d824ee8d1d14f26830c5c7ea4c9378d95b27d66ec2266,2
ce9f513b378f190fcdc37d0ca4d1bf6eae78310f77091065cbe7f7b4855efdc3,2
02c7a1dcae9b278ca0d359ebc3d51eca6e1732677373c887324b06d208375822,2
910f8fd71bb413ed1a77d070ec75809b316cc195a7298713b4457573cc3c26c8,3
bdb22a5a8291c4fd4af937a9203d9cb09d7db1aaa0f50c03c55463783ba74c83,2
bfd31ccaa67936d7eaa569be61f39d8e419e99852e11121aa3a51482999119b1,2
17291ee86729b78d6ba94e7264579621e6e58f08bfd93c20bbe6e15047e92d97,2
cd0293442dcde89c0fcb64f55435680308108cbd3152186271be53a788f6b1b6,9
0cf5d4b7d68684a06a5145c3435b88d382cdccccf375c1cfc6b585b492479d3c,2
6a84f66a111434515604c18768bbac2dc29be09a28552731a995566e7856f8c8,2
cc4b54599c103b4222a5e85616ee6fba35da2cd364dde9a41059096fc9f662e8,2
42026d3352d7d580988d8415ad7102c80df841f34718d49c576cc99539ef260e,2
96a94de53d77e3f0f271abbbfc3e8997ebe8ec0cee9051d9b18e068aa13b68fc,4
d76715b811efa7c66bd3dea33734eb282d104c38a696ac63cf3da3bd83d7ffbc,29
5b34041821484d84d675984c5f9a2f71d27fd6b61ece52a53eef508c57f2feaf,10
9112e499d4db3544621147f6fe8247bfb44302661cd5e9d7823e439834153570,10
179a134584111a5d0e091769d99ec99a08c9b5278fcd93a636e2ce5416d93701,10
e2cc6a1095bb7415c3784b4e7dcaa1aaa9da5a8ff22bbd87da7ad82576149e52,2
2ac48961e61ca8ed6dcb1d5074681aa0c391d08940ab83e0ef1211ceca6700a4,2
331cdae9c8655020ce30b8097ccc43d659ca3c3c76f169031803a232c7dd5b85,2
6f395ba92aac02ef965a4308d4f5b63ca7736ccdb8fd1eabbb9a1fc0b3e2ed49,2
9d763b326f262dcd33d14985d0f8ec94265f5ef8fbc12121ea43f43144ae186d,2
677344e6901a21ed822b62c5ddf30309b9d4fbb146999c4fe7f48d0ecf422b80,2
0f90f4ac5d93674c5284ea7c164bb15bc971ffd165035ba7270ae1a190135a23,3
6109bf04bfaefc5bde612092b5504174df12b1c0a71c5a84701af162551db58a,2
15ac012c55e4e55dff527cfd5a63cfe79b513a7abb1c1a70447d9b99bcfcf1bf,2
45d354495596902c2b208416ed3cda8a1a43f0e733551cc000aec6b2cc70033c,2
78d57497a9783412a7d21cac8b52f0b00cfb43e201c0802e86f4b1b64b058e8e,2
1cfe485900679974d126eebeede03e1b99867352edcea8c35c7313079cb8d41d,2
bae593eaa77f4d28bbaa9cc36cd993a8cc764d90c9b45f272a1f00cff4d49fdd,8
e220fecb4c01cb75dc96dbc5b9fe39b7acf6ebaa4b8ab071b2d243513ba6a883,5
6d4876d51e6ead57e6051930ef00db211a2962f11a834ff1c981bded37be4d8d,8
19020572a9bc77ec300b29092a7355d771cdfcf58e6eaad19c720bf2229ab1d7,5
538fa8f65670c18efdf5adda2d34b018f54aa2dcf81f9cccca4a9e3a36ba15ad,3
1b275dfabc0730c6b8e4acb7ffcfc8cc30fce09f6bbb3723bef2bc4a304a9d35,2
59fc0360675cdcce741d14e0d9ab74137771322c8ec320c32f319ca46b00cf5b,2
01a813c003eed876d23ae3e8ce501f75c653489c1c33d5e6061bce81fcda3f18,3
faaae3a571f5d064dcc0dfddacb40eec21d448b24d95d1c530b8b3b9d2549b52,2
e5c0e5fd64b8a50608a2ef5781e6a87bc6b50a88c47705e4b1f696c66dbaf6ff,3
934ccebcbba5819ee5f6462a2a6204cb83563d36fa873806cfbc55695dc6b206,9
8cf91f6ce4fbc726f2a534362dfc03669d6c6873a81baf6888a444f6998a056d,5
26beb2ab9112610e69dba3de4b5b95cc36fcb137ae566f473a96e22dbc7ac58c,2
f2d2038d6060cb44fb4f62eebe22da8660e602307d32c62183d89bb98b315467,10
e5c58aeaf41405e7ab5309d980655550e70be809d18a2a7588c97d8479713759,2
57d2434d2597d9089c6d8d38b1c78bd207ba941c423bc340dc0ab20fc4950923,5
a5a5ed3f8d0b9f27a312532a2a3c5467050478f24c0de3e93f4fa0214c1c92d9,2
fa2380ac3eabdb9bfd971b134e043cf81fa0214b8599a847025397175a31c8e4,8
2cdf0131476eaeaaad27ffcc87f3c182d9c30c366aecc11f34bd2418a9e81f86,14
87ff85038275be9acbe05191c0120a8dd8e6011ea35d25a8753b5493f7c90c7c,2
74c9d1c2fd3cd28bbd910a10c7cc6e9cd23a1a2b0aefd5dbe56d44fe140c5489,2
4e55db952ed982a46e5f7698fdffb4f901062b534afb1b072b5ac9a72999deda,2
c51be552aa23b22d67634666089d82d270b86513808e31fc30ecc3d46cad7fa8,4
3967449202f6ab67e4a160f38fdb7e673a0ddb3143b182d3d12d5e0b914850e0,6
b252152562cb55e8ab9526d0b6d1991b51ac42ca1a43756478f1a3eb50b4937f,2
5eee383ac3ef3ac918d55b9c9b361b5b27ae4e818b856c9d68abaa1e9cd3590a,2
117ede0907e59a633b815fa25e7928cf5a9a0164b954a78e0105fc1853736fb6,2
d4a7ed226fc77ecd12efce1d0586c6c2f9771525f29c97e2d59278e439bd61f6,2
93fb3ca33af260f9a32323b9a4471cc55f29a5f3f9e578f1ca9568bc2def3f01,2
45cd5ba35e4b6acdf87aefa95459ae50041649201cbf40f28890cac57c81bd63,2
00f32e153217ac84bdde5e83590d1ea11c54fa46116147f9573bc5b1f87e59f3,2
be260041ffa748cdbf2b40aa3f5d3d5dd839841c0bd78dbdcc5e6a15e788b494,2
b523eec866fac56ee9d8493de7eef38d2d344d0db4ace44263896bbc697b410a,2
242ec8f56719b5c431a50a6490536c8a007aab2e1bb5848c7774295f50594a3d,2
e410271edb0d7c03850489f91fee1c226ce9950347fbdd9981e06bdb04552552,2
21fda631dd9ac6477ebd57749ab562fc9f070fb56243e21191c97a9a4c601974,2
d131156858592295dfb2789704fbfc31e973038c420050a1fa457cc579898bea,2
a3474b5d9f181923ed9999810b7a515704d6a41c9b28900f005811324cc68907,2
8124fa0f6ec01bfa483adc0084d595bef07e3bc9d8d526b967aa9156ebb91579,2
f8576e35394b16080c8669fa8ad034c31e6e632653b2ec570016b95528b16956,2
07be93e30ce07b75b696866a70442e0bb90da4d04ce4cce1001b9b7e72525ab0,2
bf9e11f2c167601188c890e28ba765fcc0a53bd74c1ded35258c45ff8ba3101c,2
cf9913d2ed7a795dab93234fb8109dda115f673f148a9b86ccce1863c1ccf504,2
29952ee6f7076f6255891cf6e922248054a0f7619451598bab13904885470e04,2
6a17ac44fb4d6a21186c0d02e453422f1f957980544c89148f30fe0c3493b369,2
cccb020a08a065f0f6e6ae7445a69ac3fd1e9cf90a418c07695af35b80349f8e,2
5243b56e60371ecc9c86b58147e25362c811e320c67cbcd8fefe5cef694a6776,2
d9c939adcbde38739500bbf5b5b0690aaa31ba885b2f266bc94fc5826d18f668,2
f066da4eabad6ac0c6fa91d13b53cecf7f1bd964ecbbe8758f84083c5ff77bab,2
cabc00273d6a9e8fafdfc3323d2971b16d07402814a73936e52587bd6562684d,2
54025acc5e03dffbf11b5168573474313521bb9b07a146a436e59dc3a50f6104,2
944f894f180e3ac45b05c45737aafdf9bd1e23ea6cf27c0d11e87c87edfdf7e7,2
93f34a88cdde332577cba33df2fedb8d2916f31b1e93b2105ede68d1bfe940a6,2
1072524001d6fc68964f9f8a6610626cc83f83e80598506d37540ddc7867a604,2
d08bc964a478c6fa3c39a3163ea36613a78052616d15c48cdb4840c5ee0e6dda,2
25ccbb28a58857be561a41af7d519e0c02cb0ad479cdea385dc431492bd921fa,5
52192e165956392d1d8733532bfcffbb6c34e85ad9ff3d470e73a62420048582,10
7f9478d2dae6bb733d5c8c1d7d309edcb9574de90f33fc8bd1ad889749ef2fe3,5
92be0e2c9f557035cb2770c1d53f2dacc82720c1350b350bb7f8986b156e6f29,15
d74709bdcbdc6996c776a0dea744de1bd273577f2ce3638764a5ac2f1c81e486,276
9ef8816cc22196979ced1c54fa578532f32dc0fa412cb52c364e095e8768a088,2
8347454ef1204bdd3500fb5df46b1c8e6639ad477f4de7387b64370989184b3b,3
082494d4c7a81544c071db3791d3ca25e72b65290df0aebdfed83e215de3a5a3,2
2f341c707dd7ed8bf190fd37253d33e02bf898032c0645ccf697831dc1099b72,10
50bbf560fdd5b48fb0a8f26f918d6b14fa00aa45cf28f6944ff9896fe35a2f6e,2
0b3fa095e87c6c3f875924181463012a54dd3a1fb0c05232d0a8e0d50c4952f1,5
ea62b349029ba3e10f8c90d9993da660a8a85265043668e5a1c1f7740a622d18,2
7c5670c8dafbb5c780357812f341bfb65701456f794be734c0e78b3490e16f3c,2
b030ff6d6a27637cb6019de2cc3f90097e786e6c83f581b19508dcad150f9b2c,6
8c4062dcf4697bcf9188bafbb404b34b1cd9f13188386f55da8cc91198a64dfc,3
d798e8795ddd04f7cba554a88fc9786ef3150f400d546c4735ea535cc5c39461,3
d90c0f3d086e9f230b96a8d2a4baa26533ccb5aa675233da041451fe73d72e14,2
678d774462a57707ed09b1be264466941f20dd7af20f3933b740df01735fd484,3
3167a4253b067826f1b8a28b6b59483a091b2b12da57e41cd96797f85f747b49,4
1425db8ece9e90b1103486ea639101c3908a31b9dbffc42dfb0c9145ba39ccab,3
00b347988eabe55e97b93264e0cebc9f01317d5e5c8affa7eb5f59fc80da3ff7,11
812633440cfcbf557d634d076da3e043c0de1199fe004b17e0a1604e8931a513,3
2367c99fb6cd0117d6556cc2878510d5f8405fddae94aa9dc2368f8b98d5bc3e,2
8ab5fc56f9f6b3ba8436bfc244631a3a1d544b669eb97e5ed5609ccd15646b5b,7
b4b0546cce8e888d60622eceeb18c7b1cc056cbf80c4cc81c30dc0d4c40a96ca,2
4846f20a1c0cb28f4a8706e35c661874aa56167817e76ccffb7f937e07461010,2
1ee0f2e87a92b5649ca8e47f4d9b0cdeffb5c71bbebc7dca401c25db82d63be4,2
0dedc4f4d5ecca4948d610af4d7da9ddccd2342dabae644ad9b8120b0db2f9c5,2
649c8c9491c4ce4300c07138939cfc8e0cfaa463231a2bece34f7eafa1e84666,2
05d350385c7e7fdf7ba767d5cafe94d5baf2553b927ea11beb915eac98189eed,2
f875ac2f77fb88058d13c59ec61f8db84d472036026c84580c4558dff1d5eb22,3
397751824a469aab12dc2f1eda7bef9437aaef1b017b539a2c96482ddf39533e,2
b7eb5c3503398683e72f40b47799ce301b3d6f02e547441e54f1c4b2aee3472a,2
15eaee3d03df6d9b09ddf051349392d4db691f6b2f8ddad2601e0ac34ed99228,3
0c2956119a7decd01d23c200c5f2c7d5ecc394d2ee67c323c357af975bb14100,2
2ca00e2b360c5586e4b949b0bbc1bc91909ffbc64a60e81bbca6c06e6db49d0a,2
b1e55d77422ae4ea998ac9bcb2a327a463dda711c689ea64529d61fba5186570,4
2840cfdebd04e3666fcb39408c5b2abf6df576c7d1ed0ed9a3d1530524b110b2,2
04f6d16a1c269ebf0eef4d05fa49a04da7c3f6d478f8ee65cb052c64591b6d84,2
beea027f31a82ffde99b21ce62c2036fb4a781cdbdf8dae6391627e5126e38f5,3
47b4f871479a77bc6bc7f1af0cc10cff41b7e04686a5f62ab7e5520e7a3f84fe,2
7ed0c0d0cd4c3bfa3dff5d3d009c3c4843a401dcdd00258d90fd266f25d03580,2
81f22d8ed65845c2c17e7d21152e972b4d35aa298da274a97b571f5109b6029b,2
ce67dfbaa2ca80d9a8065167e525f08cd4c0513f6c15e8b31c359cb51698901c,3
fd73f648699eee18c002bcf210963adb45b03a6e8088042ed340ff3da1fd048a,2
c877c3916369a83ce77b2104933383ec694879e8525aa31a9c18ede3071d56ca,5
ce9478efa46073320c4ff0f668c34e26aa1abce41a111fe444786bd274a0d0bc,2
f73106523fe47615c539887e5cb0ed25a171df2c07e83bf884a1bf3eacc22065,3
921c942b1896e424580c547009b9c0e1cccd74b8c49a519cd1b4d5cf3bc1a56e,5
0fc95f53a25d49f70e583d52838455a6ca5e58662147a6fbd286db48ab0dffb1,2
85cce5fd1a10ddeebd8b1c81d311c67b3cf3cf84ab3d399aed2b7c7405b04821,2
f3f6175cc23835ec27cf20ddcec4271c780f28d3a6a2001ab5944a3d861966d1,2
cb4e622283ba71ed81935333cfea737a9062f18dbcde8be32d5ef405e9b21bd1,3
fc79312eec03813893a81649fa0c02dd442662388ea4e7e8db9ba894326de252,2
ac0f2c3c72a88044bb4bc659a19a2d7ce25919205ba782e4c96eb243a9e743bd,2
3e48bd498c1e61ff8ee3c5bd62125c7a3b145c34b676b66de7d41bc20e836254,2
e3282398c63091348953a3ccb25ee91094a5b8397da704a0619386e40b0c5359,2
43d37ed217b7584b65e78dec287dbdfacb1e5255da420fc2ab037fdfa006708f,4
a1858367d53ac580b840dcc6e30f493d9d78120cfb66c9541a2eee07835a8350,2
d2c14418fda7cd3bc517c788de9f83f9a5ed660282a3bdc5cb5214a389668b0b,2
d9bcd1d82fd0a2cb8de7e8359d35b179cef134f7404a1f9bc9a6e5b7a0a32c8f,2
905a7e6500ca275259f6816dd8cdcca8bb9208156e26c5cded4b2e37e1fe36fc,3
f2cfc0c2e85996bb6e223ef23d52b8a679614138c05c785207e472f0975f1a22,2
026ed98cdcdd973c7348c2ec9c7d3abd77c735fe800c2ffae97e143226cad2c1,2
5d643a6d6165ae4ca285ee1a3ca6997c6cb1d8f67b208643438138052772f4c7,2
e594a62d25f14f1f057cad65fa5802144ac91335889e1d364696564f2530b06a,2
dfb28bd284e2be27b1020942cbd5830ffa875891e88ded492d88253ecaa33983,2
e6658d9e53a995aecd94582ae1347e5a2ae9ffeee54de1f1fed70fb9d676af2b,4
4b0a86789dbea4f98016693e030c5f4ae49b493c93ec37c4684b2b70ab446397,8
d2b07ca9873c82ee436d83edcdaa2f5fa80eb47a61fca40dc47e401cf99c41a5,2
96c61ea9dc3d4573bf1fd22096b32edae3ac9361cbd78edb1d55d4aa935c4c2c,4
086d327324dcd2d30cc2b7a9fb889e941fafdd38ce51bc337d0370a50b243d67,2
9a52ccb754e91b2567b2083135cdde44eb37ca41fdfd9f18ded64287df0a04c3,8
1dc56a013bd7bfb06dca07b75adc1cbea41d370eeba3c73c965f1962be9887b1,4
14f5ac65d4886c9d06019f756de955112e6e9b04a8eec34a6e444f707fdcbc9d,2
71be47b431bb022289bc8fca8147856371d4fad009d77caa319c216504383784,2
f48efb632aa950e4362e644b6485ea3ba3ebaa43b00190985123a88133d282a7,2
cb669a2aee2e1834d2ecd3e90f97a074f8ffa3dbd0cbf98cf183ea3e841457f6,2
4ae771370e33b4e47ced5ab40573be8dd726487730e0b5151ab40fb7abcfc0b2,2
5661b48abe23094687261dd25fd4f0a8f6e0caf41fc563b2d87407685d66666c,2
1f7ec2e245632e30b0300c250d70d109bb14efef487cbf0d6792f2aab25fdeca,4
4d3735b59e0437da4a5fe5e5503db9de4b99e6b39767c022fd82a80c81249ced,2
58a5486bed35fa48169d7b941dd799ac5eb04f22d60f717694b2e6c823773611,2
81d8c2c307591ec482da4d1ca68e503178166d426606c3cf106874c1e1290fd4,3
30f9c24a876e1f74c91775718ff585de5227dc16c128ccf58efdf7f0a87902fa,2
ae9b1b5ec256542902b31fe5d670d7bb80b4d1625cfc9734ecea2b71d2a6d916,2
f2d06454ef5546c5c8fde7ee30004f47ca282cfc3ff80a4dbcefc01464cc606f,3
ea2444cf38ec41fb112b8fd88f8af4a11ece12a1858a4f3fdc44c71ac0c3e251,2
a73acf1042e21d945f79212f873645a4dd4ec050ee3dd1310b2cee5b58f80e9b,2
341732aebc4527a38cc668f96a375e33af156255121a2fbe060e3b26db100f46,8
bb810887ea0cb9579baba6136a6882d8809b750a57c1983955f128ef3f03a36c,2
39665879b84dd277d633dceb164558c7985742ca4c96ab75f340257e2512a184,8
797a1a6557158ce81c37dad51fa60520fdcf2503ff746d68b5c00a356a684be3,11
6694576a2211a35ce2a2d4b39831a99111c76ea7f3761eebd56caa77c6b8c031,2
8218cac106af27aa4bd625024fb6ef447dec5711e2ad91059eed21492b188e54,2
38cf841e8c56e05393f13d62eed632a58ff85779f2214f0d4c1d3a2804856b1a,5
195ce475b64f26bf3c2a7ec7c09ac942707b4453b0ed323501863f454abdd7c9,8
fb6959d9a3ec023b4a79872481e3fceab98e99e8b327e791299641a19f6bebd5,2
f75b94a840542da55e189b1e49e422c4226580ce2d413fc10fc5b936ee918f4c,2
e689774b5462e1c953f5f93e2d4d8b581dba983ce5bcb5f9c8f082a90aae701e,2
63e77563b0b8a3caef9c4ac153f7e3e2f97295f3171567c8f0a221bea0ef7bf5,2
a833d90383f4fbdbf3c299939f6c342a23188e59f98ff5e9a7b5b7b69998d83f,2
0733ed600401d84982cddabed3707f8222781e1cd92466c884a9bd015964b2ea,2
c5ba868315dbe8111bf8993cd5be5b01cf9792955cfd311303ddad9dd20f3e4a,10
e2a3c0ec57a1ded38db10ac6017bfcd49585a2123791ebe093f2d47417d08d52,2
0582729840c3c10b2275974147860712e084ea7c1b9c3915901a6d7ea1694263,2
9a3c985bb02b2a86c6b70b44cde6dd33d1cb69695b8dc9cae68e5512d5181594,2
7d0cb83272670a6d899a88c65a05831c073a47efb107cb5ca191b92c499324bd,2
b714afb5a09ba47665d6b590ca79297456b769beac3ae38c61956c066547e908,4
bcf11cbad8b701415de0673e5b147036a651c31068033d2abd355b9dceb10df0,7
2d8b50c08819197201068cb999b1e91b7daffaba48fe8fb4b2d736b3a227762d,2
6a5e055c752a99fae639da2110fd17e6d201194b3aa3f85a09171321e142ca29,4
efe3648da647e0cc2d799f4e36561861f56cd19f3e6fbd61bd30f3799e69f036,2
b5dc064e073a9beb1d52c836adc141191cdfea4d2934ffc76e5a92630cddb37f,2
6a60ebdee106030efa7efe0ea92a35cf686884fc1fb7bf5dcb404baf79ed9121,2
05db6256db165ea40aecddee241189693b6d2e779313f8506f28ab92da64a556,2
57f64ec3a63d22c3d2b0507040ce32399f60a7c0d9f291db69eef6f23717cc91,5
7a195e61ad111344f33c6fdc221245dc690c882c38a30dda86e77dc1ed443ba3,2
d86df24daee81972a2c7de558e7adc9cde3cb3f4477d0e93307b96a34eaf052d,8
606cfc642f835e58f38f820851c84e3a10e3c6b89f8b1091a0b8d964ed3bb5f0,8
42edcd3f51050a69aeb67e66f1e545f5b820e7402eee48b32d338d0806cd5551,2
8de86d7a808dc971b39a5dc1646764a6afc27b8d68fe2063ea4abbead23eec3c,2
9cec5f5931c621b1166bc5befcb9764761d552880b025bb3215f18b1d0cb6c6a,3
e6ef5d54820707cdccd980668514ccbe835aa5b26a5c06cc9fd95a85c473c28f,2
a100115a15155efff2323fc10192bd030253764c489f41c83093b92638921184,8
a97bca34bd7f30391040d3e4f082f1787d2a5fc674e79bc3337c94e679ac22a7,8
737af786a24c12781904402b5ad5f4d0f42a9bf5711d8d1df2a84d24cda5cb04,3
a9b88c2ba64ae121186b9025e89727a3ac5c282d243ef541382c6f05d8cde1f3,8
3dbd7039bc77bb1aca6cc36c7e9e41dfe524fbb8850169efbac887b3b0fe00ce,8
fcb91fd86249423d3dcdaa3ec20bc4a83a602a96dc42eacfe91245be82fa02d8,2
1dd8cadbace8cfde9ae42fae02c5b820014017a6fb8b9b802229289cb689d4ea,2
889c7dfd80bf1c75e3aa90db3bde3292c7822309c42c9892badb1c3f1c72e322,2
f5f44fb471563454e077e2218628f6a904979a182f262692c5d16890e2f3f5c2,2
ecebb35a69f247b1c886da1e2a2887943067bc08fae34d67b608efbf2b9f2854,2
12ab0ef021bec642574a3452f4f37fdd490c4da25775e2a8bc3fc115d203776f,140
f13c4d0470a8b8fe12122788e843f2921fb9d4811fd93f02961868c1069cd87a,2
4f2653d81a48f6da03d690f00d002a2ec4c48e36bf13f20893f6ac260e6df070,4
36f62b230c6e914735162ed3b4039c6f6f5236505f3ab91cadd425171edea645,2
7a3d19afba83d361c5f666dd9935b8bbc23088d9c1073d9f2d91f4f40ea8b4c7,2
7e380eb0a760c16e578677df28010e9a8579abfb0c5ea8cf788daae5415a4543,4
d06bbd43755c0456eafb5db4e01cdda11ab457560521772b56a68f8faf92159c,2
9ce1701d2f967cbd6d3a307397ffd635767c09f04cd34a356ff1be6c403e6fb2,2
7f58c56f1981e2e66fdce3b387b52fc822699b58e5bac61628dfbea5d3e2bae2,3
21950bb29b9118331fda7de60f1525395b3394b2f8ce95ff2a97f8036c43ed03,3
d997043f2c83650e6859a22374ff5c685f9e4e03a95ef3aa75e5ff3fdf5b1506,10
8a48cce31ae1f6e8edadcb5bdcbeed435de70b2afbe6e044b05caf4457e35dd3,2
b6f2c3093a596607ca8beb41952e48127a7c254e0030d01e88dfd3b7de21e3bc,4
e32379b32685f8f090dfa8f01ceccc8bc3bebcf6b87ad28a6872170b8135563a,2
073632cbe21ff59bccd54f19610f9d4f3f85fad02b76ce92433800e8fab35aff,2
c52e1c9dfea73a418c22a4564bea84d842cd786547ea28be9bb1efe505df35d4,2
55325758a69d2ddc6b6f47f2e3100ac2571d2b8d581562f6064017395d414fa3,2
743798e703240972c98034947cfe9245fc18ef26a1e97f8323fdf7c0118ee8b8,2
8110e40126514915429bd8183c5b9afb51e633ac086130e16a965229e2ba20b3,3
bd3582a2ae01a5baba70cda436a7365bb4f4112045c3065f70f76b137da24685,8
4638fe4e96d747bbe84908da92a041d33bcd445c48c4c7477344a7f48f045bc7,8
039710505f5768866685ad84e390a70c653dc0e8f529e5c5db7bd209b740723c,41
6e4a70115e00a3ef2cf6b8b59ba60902a32092b1ee66960865ed69051cc78976,4
e1ec6360ee768bf169e2b965a526273d947ef86339dfff51928032f5a2a85694,10
888dc34011ea1a3f2f2502c43f4f6da2df6be2da4b8d9344e9bf053a50d5c8c5,2
378ffcea7a3db5fbcd99b055588041fd6de7da23bfdf3de1a637bf858d074cb1,2
1b62b4faa2e0d4ec6f0f3f1f4bd897486fbc43b1e8408ec5767b4aca580756e2,2
a7abd2d84fb11e5974250c5d03b4ca63980fba18f10beb05a0c05faaefca6502,2
5b99d5ca856994a1b538ebaa7df1a4d5706fd18b995eba6cdab38e1a5624a5d3,10
668118f91303e90d2a8650145cf377de67a28af682dd160e3eb2ac619b25e510,10
8b89798e9cd793e4236928565978a74ee543468f65f45fcebc92a1b53705e80c,10
b44547fdbeaf1f21821663098fab0985394c0a6f0e5ee4ec0d93e0e4cf867d3f,10
ad8d9f2b6e11fd15269515515d8528c0def5784daad1d87501784c0a4631422b,10
c95b561fc58ab1f7739acf4cb93d9085eba8ecccac1366ce83a19cebb60450d9,10
88f7e1bfb90ec877b8b0d2b76bafc5ee7fe34f1253c41d85358e107d22e530f6,10
d471326c86a1c097426ba0a48d176c3c08abc485642f7304c78236cd0032fdb7,2
b0b5ddfe93fb3ae963b07d583b1e16e7d1cd9d14bda4efaf97ab236566f41cf3,2
418b4f703f1813c131ebecf5e405ab1e47d838fb60d7c515d3fa877e8819ca70,3
15e299eeb3cb3ef8484ef7997b9717d060ff6b4e7ba081c9430fbc3c8368983c,2
22b8009aaed98b38986cf12248335bdc0e885bb736337ead564415fcdbf9fdbb,8
050fd703ecf55a85e5e43690bec6790d97ab66221f5a061fcb0e6c2399a2fba9,8
ac5e6f105880ce9a5d63230255a6a055fd92b7826257c62e30040efcad13874a,8
b7d19f1ca66622fc690025e289f40a9abd46e84ba4a089f6f3b478dc7ed095c6,8
2b322598c41ca21e7a6a6f5edd959652342188a349da4abb431372f70884f985,2
cdadee890c9a4ab81663abb6c63d201012b66365fc0998e424d7ba66e8405427,2
0872e95092b0231da64a0df2969e415dceb4382dea6d188c9cf17f7a44499e27,4
7475d2dbaa07749a53f20d2882eeda3da2eeaf493bd96aa631358ed3181e564f,2
e766993c7b6cf38133b6b8ebe7795a734acc74babc6e5f111d4ea11a4f68235d,3
5baf6d2ca4309bab2e9c9c65ce04fa7099ccd5190465a9545f0093b3d35e5710,3
d908bc448f498f4c64d441c6cd892fd3512c083c94a77cfaee2cb4e1fdbcae28,3
d8ebd3356f9c0cece050225766be293399becfba21130a52041bed14f3bbc7a6,3
7c5f7c42fbc6d3d43c0f1eec92fa237e78d3facf4ac832e3c762c644c49714af,3
9e5ed0d583359e8b619199746ef0b2a5ae1918fa0a1f851a91daeba0c067dfca,3
c5bb9a8fe8e67f667f4001e643cdaec116c676302dd39783e5823e1127284c20,3
bf503c034381ae77365220bb2aae069ecc777bd3cad56fc800d013533d4e8291,2
91e7cd95d24743234a1fade6c8fd8d0ac5ae639598b6760cb52ade93c2f6cb26,3
41809a8113fbd34dfd8d6043c6c407cae9183fa987003af178554920ddc9b864,3
b635a57873f6a7a82ecfc51dcdec09d021bde157b19cb921574cf031ca19e94e,2
18655c0a8f9bb5452c2adbc0f2688428a6bfd6e0ebea485b9ed49c1b44761e47,2
bad5c9e26fcbadb1b7a35a05648471339eadccb7458f392d23925ae722ab5f87,2
ebbac17d782a26c148f57e65a2a59492b36cbc36a54349e99c9082c8ec63309f,2
0b9dfaad55f74ccc1913d43834b85df442a578c31fa3379c71fb1a5923035de2,2
177eac2bfb59589934093b2d5942b4ccf3c3093508eefe7a6a061ef4a52d3285,2
a3bd79825faf6d255b97beb21403f8fc19ad844fbcaab9cc3cc44b4683ee72ee,2
38e4882b4eff9c06baf1550d239636f46e95717ec80bafccef21a16e78dcd616,7
33956af3722ff5f7a4683723950f5c74c8bd6f06dc430a9d1349978a852a5332,2
9380abe409e4ad191c89eb9b1e044e61dea1407bfb599c22aa02c76a0078a24d,2
2207ab130b9999d6f4f0e926163c6222d73e30e8a43521a52b25a0e0228d5879,2
30aa6ebf4b48361dd6a7f6f9fd606241112a7360339765dd1a0464deb06a1dcf,3
f840ba6ac2b7c407185e6c552f6900585e303b892bc6d60d227efa02eb94d9f7,2
f927fb84a21431943d560a5eedf331462c35be0c2a3d7baa4f45b3d85567e7d6,2
bc61131854c92b44a48db6c0e526b86e6a2ee37df809d6b2f646e4ae4bfc004c,2
5cc4c4114b8147644244092b54dc5ea97f65b7c323344232862ddc20f23017b9,2
d60360286b76a4bbc1bc4ed29576f67155fddf71783a2b8b1011b4a016229eeb,3
832af18b011d294992cca193c3b529b61c6ed13a8ee0058e242bf1e90ac3f5db,8
e6babfb32fdacb3fa6115fe1eec6e204d2939f36325d5b5b26ece65f7619ae78,10
b4bc596c6ffaf392e8eae0d1b05b5bf2e279e6083e2b25354323f6becf50d9dc,10
cf71f0755b578956ac69d29c11297cd0b4e7a1f90ae6deb4b2773294feced7c7,2
fe8ea9322ae606520639534b93deecdf5cdcd07809b5513988dd33beb4a9877a,2
86402a05d49e1289af1dbaaeaea80cea4bc20439738812c3e09d2b3f93385f46,8
83f504c9e642ca2758ab186226f3ff3cd4d4ae32affeec7df6686550bc39f588,8
4d19ef2f70516d1f761dce565ab4a64af4139a6659e2b7f60e4df6a204498b47,2
0dbf1ef426430515d59a4d1b5086b4c7c9425bc3e2b16edad0d3018fce9e53d9,2
d5541f94021018084cd77b2d4db4b70cf4d556a37f455cd4bd34759bf954de51,2
392093ff7af7b805c53cf2be92d86ea5dbeb538d63abd765b8bf32027444a82b,2
b79eb34e8e9dc83895f771eba583c68d2b63964e56222cef2c9e432d1fcfdb5a,3
