node,out_degree
1ccca40a5a368c540dc4c2c793cde69f571b6cf1f4e0464d6705b466b42fdaa1,3
7ff27c04454213fdd5e851ccde5d96461b29f9e1b53c34becbe628312a696ca3,3
b116ffe9203b6541ff8c558d8203edfebcfe11f9449a6e0bbfaab62c93b1b08e,2
b623ff03b67bd1b90f3e36bc5ab8635c36ca03af45394ed0fb39d14c44537f92,3
c702a5bc385e721f13615a97d8bff1ea2c1e522a2752d01aeb8c098302da6d23,2
ad597c5fe2aac1d8c512104ccb5b2edef5446d6a671a33707a1fe8a31f48d3f2,2
c9b1673dd45eede98e307e72b99fb85687118a18d39be3f2604bd07f40cbd9d2,2
64fcdad635b657e9a5912bb46577f76e37bb5e51909e03099e4bccee0179e434,2
55a654e1d4b3c34370c03d65ce4eab07c09dd03099219b1fa4d49264a3c5b9fd,3
a7ffd6e333e6e1d08a5b705e0d81613707bfeefaac0ab4bafd455f6735271b65,2
e61d99e52816163eff65ee423b6953d3de3ed32873afbd9a29e7de0e0522a99f,2
4ba33c0a70a3d092d92fab05c3611356e921240e888be9a38d646d850a5bda21,2
a3ee9de9bcb554ea519965226d79b0186ec92352baebc1794092d44a5f21adce,3
f7061aba9c705a547ef4c83c8cb93f1b5dbbb8e8abfe73f267d96ec54f8a5bab,2
50875c101ce67a5ede9eadb0af45c0fc800f4b36129a0022771226f06a9b763c,2
1706fa3c6a6a49a00c3378d7a655cb30f7953c09c4b94b96be1e4f8116959f44,7
516c32b88922de68bf6c2e2c2e4fc55a5298087a4448537851a7819cd8c60e5f,2
8d2164fa4762f61fa0ae412269a91c8c959ebf617a92070e7bc5805404361b22,2
788318d7784a4cab7bc35aacb547a8e7e742170118aab56ea72c8412dc5f2c1f,2
bded2da4e5a470bb7ac4bdd62a925839db21a554159596d59a58104ceffdc500,2
9ca698d33e8e4a2deae287965e095a0a331c67bb9d0804a78a5fe939d271af40,2
9ff3c0e1c220a6346831226ef3dc97049c960293fdc0dda3e3b8362d93e7afc9,2
eecb98cd98672c6510e0480eef9410c0558f5655ec3b2f8f570733ad68791750,2
0f5dd3386f77c187e0a1ebfd53f4a46cd4069047d9741ae240fe2c1fe6d758ba,2
72410a773b84ea95d162d4833f5f90320dd1eb7082152651cdb1514f67d4bddb,2
2fa8701f68450931c3b4db1d2f72fc226311f1fada787a79ded672fed0804b86,4
b7b6bc177ee4478c4f461d166ed50afd2201f0a9c79bf47bfa55a8514b70d2dd,2
069cbe54588b10b9079ef1981c9aab04e3f7adf1897a409a2a74c678ca62fde9,2
ad3b42d00ead08ae5943b1cf403aedaeaa5b962d87a59b94c2f2271d66c48e9d,2
bcf018ea5534f8e82ab3082f6c431486764f95bf55d3e184f8ab6209e3b1dc06,2
a2b19eaef22e3a3c65ffbf0763a4661538b37ece9a236cce7fb8c63dbaa48711,6
41360ec52e213196b90876d3c0e93415431df6c26f932cbbaa9772b51e3d4d59,7
3d4665d038ceed6649e59e863cc038721ec29d47ae3386f714241ec46b088175,7
0262b278c3fe42f7435f7cafda46241b87a65524369e82449ba205cd13e9c7b3,10
2cc641f509f2fcdd4e3c4e6511d331071b0645bc925180b1d3a21da4cdf10218,7
24cc5544409e5b51c586aecfbd3a8ffb90a5fa2865ebe1237bb66080c65682eb,11
e28801067199a51135879dde419b94cc4fb3c99530ee550e55414ef3c973e91b,2
0e9e9b1467b5724291c87a7c3839acfca05ecbdd429b73b0dde8ad7e224428c7,2
9dac63d1efd00349b2ae097ffab81733c21cd95f9b25d7e07bfdf2d685610a2f,2
986c53fc7b7b58706f442f9e401a74bb34da4e0c5da3488f55585399a0a63df1,14
36f33567566b40e3735ab205784919ac5d99cbe64694222ba4f5690735a8c2ff,2
4f99094eba592530f2e9075bb87cb2e8ca92bed6b7f6acc603070d70c3d560e7,5
f18ca29d37a8158c52ea6ebc5087e0aba1ee25bef70a9a637793bd131407aaf2,12
3d52acb5f5430253bd2111244b12bbdb27de2ecfc5a0f15262e108493049854c,7
c2702f56952fcf1929fb4fc82f976b315f2e271ed61692ffadfec050ea71696b,3
7405ccc163792e5f883d1f5be80b3e54a588e79703a8b9c7b839e4e677a91a3e,5
f83503434a09f234cd6c4248a22698dd73387c0d343bf6fa40a473d5247cee79,2
ee97f969d587ec9d956341da1642f2e6ba1a6f6b8e90fb0ce5fce7931da745ff,4
410a820c4fc4015d088d96c38a54824b54d3aa578a17c941afba76a0ed980687,4
3b7f4a63ddfb9418b125b16c3e4a7e173ba935db64e8717d9543c38d8310dd3d,3
b3d50ec0e508cd5ae2835538ae1a272b4bca0fc7b08c6696750c4af823d57d11,2
f0b819192ff20a891d1b933f44c73b5e7613bed8b9989784e0354108cc8c84a7,2
4a13d37358990ef7618db8a16ceac368f76f7012d03bc8ccc501b62903d1dd5f,2
6e40771235fd34cceb6d824ee8d1d14f26830c5c7ea4c9378d95b27d66ec2266,2
4173e0365356e5362eb0dea6280b223094e9880f77e9e69101967b8d346d26ff,2
728e68a5526a82f6a91f078b88ace1a3cb3af5ec3c1f217f8748c7a2db0ee3a0,2
487ef2c2a974a9617d8185d71fcf09097f2d2f9667723cce9c357de54ca8e89e,2
573a33aaaca25e07882dc6b695c9f3687d57c3c40d7c03032c38d328ec882d7e,2
1a272862af34adf1fbd41721b5cdfdf28f375b30eb9b362bc12d27a4cee8c362,2
6281ab3f825978c4206bfb8de52b161b05758e673b69d19d07f8f1f5167ef7ab,2
4a4fc7f449faf94174ea1c90224ced5ff0d7e3450ea7189220f9f8d8e1bf183d,2
26a83a38a14a57797f17a7820047c0fb4db3b7d2421b1cef8b0af0f75c452a62,2
79baeffb4a926ee8138a66bafb2e381cc79d06f075136b2dc60bc715353b930c,2
a63279a619fde56a336ef022635e364ab995848cf15eebf585d7ad6a3b6ef56a,2
25b0d039a45d2f29fa78edb6803f36f8a4483bd6da3c01e91bc51328f77833a5,2
8d2f49a277acb5bcdd7e2b5b3a81e5c6968df79d9fdbe50bb7716a82f0aa6b6d,2
580dcd30dfb74ccf95b38abfeb75f53469c4e294062676b8b19beb818adb9416,2
f971d6f728307e01219839d3a83933a17b8d4d4f19bc232e09caadfb77f098b1,2
6c8d7f93e21c3e8ee07794ff7aea030cd460cd3c37a9d50ae53949681641d5e9,2
8c2a53edba7a1432a0c55adaf62393ea754f8fc267e98b8055f89109e8f3cf30,3
b1bac4596a42ca20a95bf1dc30d2c1d80bdfe30389340d42d1b88f4a8ca6d88a,2
775b35caceba66b5645cf997900d25e24f5608eaa32506507ff81bc841734267,5
f99bb6d9a0875a40d79fe2543c712038cff9f7bd85efe56d973674377b5ad332,2
93512fb32f60771b2c9862fec9922e8d828ff70df400c290ec647a95544976c9,37
b96d5abe8d6d91015949eec71e43d9ae2a9a5c16cdf035ac5a81e4a6d15d453a,2
0a0d6a60c449ad488a99c72b156967577836fc40b53354f6da6c62d1cd15924d,52
3ee55ae6ca01f7787a656a323a80b1b8e4006a12b06329867552763ce6a9718d,51
0cf5d4b7d68684a06a5145c3435b88d382cdccccf375c1cfc6b585b492479d3c,2
6a84f66a111434515604c18768bbac2dc29be09a28552731a995566e7856f8c8,28
dbb2b2da763e273606164df0b73573329bfb9193de44b723c606ef2ffe5b8aa6,2
16d03b64b749c2f66ed74b619f4d8f4dcf69a441b4fcad2f068848ff823f1946,6
a7f4bf33598c112933f3c83df1c2d81fc596245b7e436c08e001c5d12a14c2d2,2
344bfdc777ea558a1ae5e2ac69c53b681560e2960150aa69860b6826b2ba62b9,2
fc97793259291b49f7430ad972189b8fd83272fdc87ecb5c19aedb415c1bf5ab,2
f032f8c44ba7da7fe9dd2989e960fea357de0745ca9775e91c17eea496b0c62e,2
7521341b623a3c422f1c45b82d0e9715e9f5fe8cb67061892a91633bce853e12,2
bd6fa4162397beedf3084e32314bf135424278dd53c52a6dc3fdfda570797e07,2
cf446bddc88d001b8e0d167ce9ed1e2de5bf2818ab6adc72843930cc5ed4dd12,2
91d1098802e19a056872dce1e8889202f7c5d3a85091f66c408a6d862a730f20,2
8619f5cadc83e23272da75dc31beee0343920238e5c6879527110204da436733,7
b5719dd16ed7d530450aeb419ec89c57c3078542b62e4f4ff42e01327c7a5adc,2
5a60072255d3a62bd48cf4a0db66393fa11bbb69026b4c09ae74ee17d5a56660,2
83c6ea7fc632b5371fed386effebf2731bafd286a2101cbc98c6c123e3c1fc94,7
ba99af1badc64513aa1dad79e526c6901fc637ed97e7473a1242328883977fb3,2
a172e0be181b8f385ee6960de2e0fa9588cd55cb415020978595277c65e2f7e7,2
97788fe642ca58f1a606c854283fd5b2e05594b0924ea8003fcd76a2130afbf6,2
56acdb0e478fd859247536731ac3e5974eb6410e6b109799d5a08d4b9044ad46,4
d813314aa1ddfcc091396afee93806c48eb068ef8abc97189b156e46a30ccb51,2
ce3a747f5f72e8330f42d321f65db988db0c7a663d5d373f7b0f5432ecab6e06,2
d6bd7f7d0a61ed645a0dda679ea0f6e761475bfda2fbbe8f6ee7b39466bfbd6f,3
76793a25654fb0c6a0f5d4fc9b7e69ab8ce81e923298562337e61eec2fc66d0a,2
18bcb1c274f5ee43300e7f80f5b09350bc23c4ba9dda90c719c05f98ff86832d,2
d1777fe61e4b68b56586523b7d0f8a33ac9ec19a29ac30fdf95ea6e2fa261d7d,2
eb22748a814f6c610cb9893be3e492b329ad52c0e478c9a16f7cd54585dd3e81,2
8f7cc6b3cf2c24d06fcb76e9451a0c014ff9cd3ed37544a0ca7c3719af2e1ede,2
317129005a1c76aeeb8b73e576f9e56100180842de8e266e05524689267ec016,2
6f395ba92aac02ef965a4308d4f5b63ca7736ccdb8fd1eabbb9a1fc0b3e2ed49,2
c4ea97bf2ab78c6548bb1e253954a2b3f727ef164f9f2e17246d1f9c360099be,2
8cb05ae2af53672e202fded6aa32f0686f548a64310cf41d85ff4c65247f3ba0,2
ef7a4b4e895000567bc78793be29a3ce91424509cf8cf926fc6d69a70a080bc1,2
bd20cba31ed618df7a30240affa935fcb3d3364040e3e9d951f02217ff724afd,2
d28c642202c4b540560d2c09dce621d8af32fcdc17fa13af78eb48792f416535,2
8752c8ca9de23ca46faa1965234899018cd8612446c3203b66f5dd8deda1304b,2
01fede268dd2d4f3d385511ee186a64c3ff218f3150710d7ba5de90746c81d98,2
d3fa5d306a7325a3a13f422cd41ff757cb8b80ab21b4a5a4ed8463fa9df33106,2
cc6576d3ab153143b1e7164ee0df6a79f8eb338ef1cc424fddab835c9665df0c,2
fd3c6233a5ed1162e24a7e6ab736fa90d02e31fbb4ab335e484027efbb662b67,2
871c08e204d177131d7d82ad7098c5a967a6ec6ae0e7bf6dc47e3273935ab93b,2
43d2023dc8d7659c06599f1f368c5698f6b2a206561387e6c9ac094fcb4b9dcc,2
c670a28e36bb3a62d8e3fa7bf982b2caaae9bada6675a85b05cf6edb015cd925,2
360578e2df87e103149c68d2030f1dd3d54955c87bfa84e0050d303943618773,2
a12c0d4dd1aec7fdf849afa0c830c961decafcb4fcd68733f8df1115b4bb3aaa,2
64e781f3306ae1cdd9d1e564ad4d73e2d0b98a61d54b122f3d7858a6ec247a18,2
cf4276fb4cbadd37e9497ecaaebe0a8fbd1fbe90e58626ee69f24aa2e2fe3957,2
9e1452a583f530b0854fd60cfda7b72cc39a14ef33a9ab7a4926190bc84dc620,2
1a9807e94792caf555d09cf79891fd125badfea444729eb6b63aca8c62dad644,2
6cafc37659e1491c00db792cb9374ce8a2e4f55cbb6b7065480707686563d05b,2
02726ea4132774845dd3011176398a298f6d81e397c66a2589ebf0e89363c015,2
e5abe42b4987817c8f787c8805bd2f284939b51fa549646c63c09ced83b8d9a5,2
e3973759d7e2a4f22c738416371d2c112b915cfceeb5fceb455fa624f9a021d3,2
b1f273911599a2bb2c3c62b8dd1ea5ccd755766c156ef4c5255450827df43921,2
5865d75d7e09d2cb6aae09a2819f1dd3810e619798f971b82ee59a7b4a22f567,2
14088c5cb25780aa5ab4280818ca4ca592a138c06134407117944bbcb3d9b137,2
01a31b49850de6b95024fd2a2279af165ffed090b86c9e0056f454b7fe5cc065,2
ced847df91f60bbe270d386afc07e4602fb588b1d25f6c28f05524ccb1bd9db6,2
1177ba1d2a39dbf0ce4fa277126b89ce5eb8155aaf37aa20f1cf2134aa4df3e2,2
e891f9a9bc3cf0615f508a741a2c906e47cee7ab1f9851cb0fa436af90e7b3ce,2
a60999750b44b7e326b1249d613417e1d6150ca45168f01859a626b1a3dfb939,5
795c5a5609feb76d41d01468f400485cbe0e95b51c5284fb77d94784348500ae,3
fed532062538c623e8ef4f723b650588ad84e44bf1ac976f2911c9c38c17d746,2
2d5812e8f369168a83226548efc190f4a941a6ea01d62abc4a0f2adecd97828b,2
38c018564f32cca55eb41bec76c0892e79803eb431c495d3cc0f76a99a28f5f8,2
fbcd708b1daa448b9f26b72ec7fa0fbb0e2123f7e23ac65a6b0c0a79ab1330c9,4
14a7e64a2f3f8beffcde46684542accc3d97d3ff32b0b9f2e4a402db1f8879f2,2
bcc8c2f99ba72c0e5cd939ddcc5cacc348f378c59be47705afa04cc5d1e8b452,2
b837027f5c09ec73f5e741dc99c13085416ac215ac5a0224bf876b655dfd2967,2
486fba779fda9900ae8331a0b233686944c282594fd0ebb549b4cfeb3d769fba,2
fd0d702cfb26e16b8a29e1758041971e05eb479c78d814fd29ad66ce1f562938,3
24eb2b99a0bf67b4d673ad69cb4a89f036a0ae41f988ec8f91dcb7e520fe0351,3
71751832b1b45debedb5d39845374e08e0c804aac097cea4469de12a9d28d165,4
33b60d844661804fa3fd1526c9cd3b8571da2379259808d5051a79f2538390ee,4
9da19bb14aee35773ea40c8e0ec70274f37afbf2f936b74f4a1a483594dfd6cf,7
a1914315dba08bf7ba01f07c82c914d6ebcd0aa744cc78c63f78335602277094,2
46f72facbff75e1a3db80db01c1449e85f88d6206b52dd18c969046fd8297ce7,3
976d31539feca5a5e8d6ee3bfeb26d75f038dbc45744fe620cbacf5b7fbf1e30,2
3a0d3c8b5e71bb1d8cf18a40870279abff87201885831f177a5d9327a1e9c831,2
6a1d4df0a4c3bb7e382be0d82ce2033bf9dd8061cde64adc97c8ce40711dd51f,2
fdecb603731fad2b12451e3b61652c6fec86689e1c937ac24017001b13596897,3
5a51097640f647dfa24ad3520910f5212447aa1188e16eb4d192667e8d33ffb5,5
13f4329d493635a1233b058517932ff7b44e3988ce03b6208ae862323fa2cf43,4
a7e0c8aa53b3fe9016c876af5b2b0ebf3317a8d759f17d259ac62a724307b1b9,2
ffcecc8e2bc97ee054f8cb741ca334132c601359a8ff427b30f7ee6453262eb5,3
9716ff3cf825cdf1107bd35f0e1644a71cd01d55ee2b2b78168180b71d4cb2b9,2
b2cc43a75b544d1459b07397909ae6b940d70c150dfbc8b0dbcec0c4e277dd41,4
3b7dc6668eb14053a02810d62eb1fe006016dbe87e1d2aa10aa5fabbb2973e3a,4
9506d053212f743d57a6c6f40f7180a0aba63da5e5b82ff96abf5b8a29acf485,5
17aaa9994f5f14b975e2245cd536552fa646727f8882b99fc49b4c1155b09c1e,2
9ce9a4cd2aed95765d1f7571a8d2907dbee0aa546d0629befc3b63cb58d6a1ac,6
6dd08d2e8f0f7dc82b3fbce2ead1e00fba7db0913e1b673f52187d2bf9970d41,2
769119169c2f3499b677cf4278317f88e3032f17dc224f9c24355a475a2f7f0c,2
c47ec27fd16f4e5a77c21f8a67918dd83e9b11d4c36fd292b0af64393e830c7d,3
935868a00ced0faffee1688258e046625df9cdb2636555c5b548621d309f0e34,2
c1b0ab2486e9730d2930ea8f8d3494a78c19fbfc2c87420bb76eb55fc75d5774,2
f3bc7784049b30ab41353bd5932d2d8c5878eb7e4415b6bca14f2149a44788ef,2
45429ec1811496449a4e2c77ff72d997501e3e95adee993e59182c8979737524,2
d490fe8eba774793e661f663e7282d9d5d652d32489d495c56223dc097521f9b,2
5edbaad46e03c27fcf0f211f0c0d100ab6ad717ec4bff81ec33fbca27bb18bc7,2
7415bab45418cefba2bef3cb7d3e45c993dda86afba8e8a31e9cc13b00db9ecf,2
b1da26d6315fc42a724b6b75ddfc58c3c525bf0f4614935161b8f1520067fb53,3
f8e1e867beb3e0a79e8e29af63ecb0eb53612644289c90abf3c33ad882e59167,4
155d30291e4039f5ab82ef72d07e4e91acf63a0c3b4608af714f1406cbdc62c3,2
51002cb5e1b4c011c8701be9813df0b265b9551f431c379fc15bc4a1b72968af,3
d2df6a99b18b5146eea021e27146929d53d213539662c36240662ca435dbdc02,2
ea33a0c734c4a703a8fbc34d480b9fcc4aaae9dc023f2922f4fb72c3aa401221,2
c6a3112bcd8ac5555894ffcd58d18ac2a6880cd02318107e6ec06cb65c69c844,2
0a19e358f09638e0bdda1ce7f1fa38cae32c060fddd539fa32bd13c0bd75fb4f,2
6b360dd60789ae5f55a72e10b43e0d8af9af70b320d140310b997b916122f110,2
d87fb5e727f0b91250f476da04fa82e231db6d1a0a0adef597d0b59c9c23fa00,2
b53382e46dd85280acd8c8a8c42fc1e8708afcc38e34ce2c95145eb92a467013,2
a4b7d4c92f9f933f07cff7cdf6ea1084212b44af43e5421867ee16f02814e786,2
cf72ddc7f6d7558043ea311b94b1c0140f6b5eca337f7944dcfc67a03e144828,2
0c3d7eaf26e490460302eb1194d1778b1c7f7dddfd74bc81e7929868dc40168c,2
9f713d425cd2d54892d111433f2695769cc9c2d15f7a8303c6e3438c5b76ac48,2
8bea5289bcae6452f42e34610b336a9314cadc3925688414036d29f3904f2c5a,2
095fbd2ae2097523f96301a1f62d51ceae09cf15d9306c360f6184cfbb4ffe6e,2
7ed2df1acd33258968b708caee42e065f2ec05f3820a2586daab5710b772afd8,2
d7f3eaab5b04e93c7a8af53ab7e93376f03fd5e8a3fdec66c20096f1037df473,2
e220fecb4c01cb75dc96dbc5b9fe39b7acf6ebaa4b8ab071b2d243513ba6a883,2
7ae8d88600ead9a3e2585d9fb922c2122e0757f7832303a919a104003d260094,2
ed5c679c95d33eafcbf8fc5e00d8416de8aace0a04d4f3eb11ebd538d192d787,2
7d541fd36bdcfd16e16e061befe664c69bd7141ae4576c6e57be2f95f2b64b6b,2
d130b26cc620e8612d08c26f1406d63379021adc72b0909ea1d751af04e0a8a0,2
ce8a8159a78befa93c067dbaf8632892bf75499e9d82a1d46ae61e96f22fbc09,2
b8246486302b063e3ac4e99205e4703423e63d456203e4248ffe9f8a7b2136ad,2
916841626eecf8004dd9f98a356dcb0d4b011fd23c4afede59c241fb99f73d9d,2
9e298e277392ece1b1da3685bc93e5ee320099e715df6a5cba0f69a926c517dc,2
42cfc4c92b57694b681df6df4413a447652246b8e44cf6f725799307539bf901,2
0bbaf2ea047bf538ea9238483633ef2a0a6a33b3d11db3a65505323a5c6cc9e7,2
c5c519ee42d6c89dd3396f2ee746f12ec4232f2bf78a233f66c2863e39cf9642,2
a7af7df716abeb2c1ef146e15397a06bee02aa842b166d29088a7566361d3cf0,2
1eb24a5fef9fdd70e11eeae3f53463f6bf62a3d50d8f12a078da2971587d0275,2
0a202ab5c57655994bc1fd0391f232a88282705a6f32ff28a03ed48dfa25e66c,2
247fe2e9eb62ca936a562f3e5ac93a23ff70113c643e06c31de94e5bfe5cad0a,2
26141b9b33e537ef997beecfc169955b94d107a467e7f0b8491241d2c03317fe,2
6a8b23e2c529684269f9299cead63b57c7b3b9e88bed798bcf85b0a2569c5c0c,2
74ee233ccd0fb6dc9af30e4cb400b3d462087a3aeb49ba5ee99faa38e562ecdb,2
596e3556973f74629ee58518daead74de454415eec5c48a5e40c57d971590c11,2
d32df038024fb12f7cd0cb259f1fcf014d3ae30e258aa7e640b8daa1a51c1557,2
d20ee5f0a0e3d35ab2447d402fac64246d080cad75a11bd6110a659923e3c776,2
68f111437e9fb63fb7818babaa105e6e76053a88902a1c2e55591e4b420d0b84,2
81f7cc43eb090ecc98ba96b5c68632b4b53bc41fa261c59d28f6a72fbb080579,2
44141362bf90cb3f911789c8d0dcec5d0cc99d525cac59d87d5ec16e937d6759,2
a22acc6931ac20284e23cd1717bd0b464a2556a1f79431965e9297be956f819e,2
aa3844d7ee1482e28387fa82a58ae4232b19d66f849485ddeb11642945b39280,2
5d0357603f0f37507988438e9bc4dc80ea4790224b930161045b90de8ccd2ce6,2
14cb93a1f8480764ea70bd78e0ba89902b8bc8109cdfe42c1a4ae6b14d2dd976,2
b53c361179f6bca7d779cc145a9a63bca5814228c445e0d230b1eabe5aa882f3,2
4454339d86cab50912416362170bfaf8c30e2dbf3c95d7fcc1a1faf1b32c7376,2
80f77f35d61f07fa5f26497408474835a9b24aee3be63d9e9390e2a01a9d8fa3,2
7e2da29b6c813882eafb41f72222e4e7a91ca0e91662554e1b2ea3bebe1be147,2
7be926a51f416d752d658ac9474fe83f8727ad5f094d164de7e71ddb7c445a14,2
354459ef7f30606984b29f64466d803d70b88662ee5a1e7278a42cd790688999,33
9a60328666ede2008be42993c15daa232012b338c4e527f7831b8a033c6a2902,2
07deda7be71acec1c129ebd3829b6c3d76186276f0742f5a4c4f4cda9244d683,2
0bed4ddf0865b125955d745f26d8852ba6c58cc3cbd515af307aa5e764e624a2,2
06b2612af16a92193beadfe1608f3a90aefa256e4413b967dcac85dc7a3c0d8b,19
f250d70dead4d43ecdb55b5b4afff7975196803062098ef5cecd4d7d3e443621,2
9edc2bb15387155d5b02ff4e04a23e608776e12f9690f9ed08d6255addfaf248,3
2fce1c1ba4baa32552d8c202ef88946dc94b73e618da30fdfa46d22d6793e019,2
83c49d9f4c1e8e4354cfee6e4516cb74ac96a443be1600a6eb1e7a7d225cd84b,2
55cf21881963b651354eeeaa26a4e8fc4043c23a421e9b9c6c1fe351dfefc79f,2
c634b878ebc33130bb3dbeedbcf608e55f55c9927edd57565555ccd7eab50c43,5
17ddefdae99291c245bf9a9fb028740e47dd9f9b166469bea910da4e2a345a9b,12
f94d4ab04a2531b74be18fda23f65c969b63ddce6c439fba1d27b134e6cd8d36,2
38f9f437a2a2a8c5ef9cdd52dc4f4918b614d68fcae6d1d2bdf6165db94e8d65,2
e8b349b003bf28ffa63176ca1d777b08bde1ae0c3ad94b9894ef38fa5f40187a,8
c977eef6a398882ff01d2d1b553d4eb73b5864536b7c819181bffcaeca8e7a68,8
8cf91f6ce4fbc726f2a534362dfc03669d6c6873a81baf6888a444f6998a056d,2
e45a0058e00e3ec200e02648067d8a3ff059765882f5b212040d883010f29d65,2
9f593a0499b0d52777be42e8d2add873f1422fe9a2b5f1dc94820d5adf72f1b4,5
dd66717dd25183940b1f1c61f36c595af0fdfcee58e53658bff02a1b7db134cc,2
4de9713051c155a5280bd9ed4f5dc767290dbe8d237a1d85f2ed3bcc662b0be4,2
3f697662d1d6bb08a6224b7168d05385af1e0037c23ff8dfbf1c5e8817fa6827,2
effe4ee568cdbf8d95d2d0043493efb0e28d3861bf7645d95707beddff7209f8,2
0dca479dc55c02d69a623bb64be18ba0696b118e450faa6e06f2c993be8057e1,2
0c1fcf66084288582bc5a302ca2181bd5230265440aad5d0ef9eb69e9adf53e7,2
98ede888e02a589efba8dc9d1b27d3410c21123f6e747a6fdfe203635c5d008b,2
48f8f246a542ab129b35434bd59ae93326caf83d885ae848c73d543d5a0086c3,2
6226e0ecaebc859b2e882bfe1c86420573d3f0d0175d4d006dcf5bc22ef7ee08,2
da35ca2fa24b8ee3489cf70606c3ee312ecc1d4f3694b8bfeb01a458470ff94b,2
a93895d3621292eca75fefbdb69d366fbca4038c820c187341ef9389c708c5ab,2
b7e65e82b349631bc11f42528003b8f0d2a57e8d9659b318f366a2de35632a12,2
e3beba3effc7b7332343acbb73acb1848b2ba2940ae386f55b141d46f1332e2e,7
4ef2a35c69b80f917fe58356cc1ebc40a0e20e13a70e76f39a202d7921954e0f,6
be8a94373bf390a8ef7de21ae75bfbc5568c6d57a3a309e4cd93a3170f47f78a,6
3ece1e1d6537ec80cc32517fa4c1ba0e6c5f9778a3f5f36de32f3e8b2e6d7006,2
144828583081379d425e2d3fa7928439fabd75c818aff88157dcebb3612b6a13,2
6021bd2e3a0e2d698711d78d77726edbd36643d9a6fd32a30df33e6705bc1635,2
99143760ee38cd01a96d6bd642033d2a5937e70cda24e794cd1d261ae900c61c,2
9340f6198b77651c99a3f5f6ee3ef23c11c1e620ceed9974dcefd693f34a6542,2
f1b5d6fcfd5513445ae7ccd86b736321548604f647d6a9fdb3432287a7e7da45,2
515afcbab0bfca89e3bba58478d71943600a81e4570e90d2e8567e10f6634d51,2
bcef50d10adda8da8a6a92fa3068ea4f2f32feda2b5130627a806274a3af15b1,2
ed46a74fadc9b19794b2845e364a23a70f711477f7265fedc960385e14b954b1,2
7dc961f574ec45afd91d325fa5679a4af9d8d8dbaf148d7ea67a624230f29a70,2
b7b48e609f29bccef4b95b526452af2319ebe06ef36c3046901caaaf62631b7d,2
2576ba9642c4c746462874e258c810e7990abc65434443b3fe0a9cda9bf51c8a,31
2da5c7e8360959b6860402109e6ce4bbecd3d50f94e0c9d660c4cd86bf230e98,2
3ba3b9e2c6525bb56cfca4205c68bc067a7331902b39faefaa31526f241132cb,2
7568562bd25eab67d8652a26511f5bf911d65a38d9453ee617f81b1ddeea75ae,2
0e5bd0645834d9423008220bfbd9fb5c3f33b52c36165f8ad03205ea09043bb2,2
0a103f5919c41462e9bb81826e37ad7a55c16cbe4c72a0c09d378c3f46c0fdb5,2
d0bae117166cef62b4a11fbfac8a1e7c73bc8cab162051c0d5264f3959d2dab6,2
c2fae5fcc24488c0957b3e97d387a026970c599293fa5b048d7c16aa691df6be,2
d24bb10ecca4e0f48d614e39f575a4dd66cb52587e54ab3f1bb2adc4231f56c4,2
bc53f6f0ba12ae79e53baf8665e5ce932a5d59ae373b43c71db15f562ac7bdd0,2
a01d0dce4fab68e943a428984b6571919119fbbd39f5b8ff427d9410608ae727,3
0c4add312d083fbb07bb988aeae0ebdfa64ce1923c3934f7337535359d95a9d3,2
857bca785c118853f2ce13e87307a670d666bac1c50f370aace865786f4f08ee,2
283ee846c785d7f63fef1ae25d6487159b14e90424fd7c8480cced3403691aef,2
225d998f7829d3ee528e0d97ad384bd13baff6000c08b7de129069d18ec18c63,2
af384f5e2bae6a61348f40fa08b18c0e859c7109b6764dd3203a3fd86306a80a,2
9d7de9e21d97900ae5648692879d8a472c5872a50cdc85a9a3430753ce4b402f,2
eac57f31e284d36cbd56e47c02c17c63ff2ba9e3745b7f5e9d9cdf01db5f1007,2
09b23bcfeb0dec997fa2c4d22c6d0d21cd12d654f48cf060d18efcea59fb2611,2
fd1489735a7f0a27e83f7ccec927f226cc26a91a24752d935773d9fcfc1d8011,2
eaac394140a43baab0f7dbd8893ad78a5b79ecf002c1fe5552660da2f3733e3f,2
f05d711bbc61ccb35adef9142a5ecfe889f351cf70c76d62ddb152fd21bf0950,2
07d093fc6d4a9d210d4135536a5bd44b8d1a62e44c51ee33c298ac04dc8a925d,2
2a9e8967c1d0335201031146180c7805e35e46390e67023929aca22bac572471,2
9308b45dde6980d0e92e0aa29cc63205a16ca0cefbadcac785b6863c1e04e972,2
d834db473887debb5336fd338101efab0803e4a14b0027aa08989e8c25b1a876,2
db6dc02f614bfd06e2e25f1e5796d9b464d89f099b82afa3728a7fba70df0e7b,2
92fb2312887bb07029831ae5721f1cb147d7eed803d15aa0becc14abf2c6007d,2
d83fbdb83c6608b5632d190f07f97fc1e2bb2028cffe0ab1fb26a4b135f74880,2
2323ad99c1fbd3907aa749cc140301b9e35a2c1810b84d2afa710ad8b6f43481,2
75d0a8e29aca1273f8147c23bc94f543a1f9ff8e54910bbb97f8c3a719b0878c,2
8cdbb76e11b5283dfbad7aa94a2707e51480491206f33ac234304d5ac553278d,2
e8d939aee576e9f01dbebc991c81c34b069a8e258243e97b9d063d8d203d568e,2
b743087c67a7514802134b8738441dc07d19f715d714d34165135ebc3937a798,2
bfaf2aa78be406b7120927fa083ec06b003171dff6b0cd13bc325cdb89dbd9a0,2
a4e24f01f059eb481a509bf306b1fae6af72c60be7caed6565bbe167b8a5cfd3,2
ba8a5ea5194c29ad8b9b35b182de416e3cc09767954051513c6495d4fe0cb9de,2
2a2384858f787faa9ddf3cc81e71ccfdb234f03d8644d46b8eba2cd4c151e8e0,2
0b718d2f3e865a63dd732d9f576a1ff7c547f829fe4bcbd9c478f2fa6dba3ee6,2
df3d9f33ec80299a281810073969ba1dd706e3be856278c6d3c0c54fb92e73e7,2
ba44a4b1faeba6ac366a88069aa7805e77403b9abb6edf870918f4cb196b6ce8,2
4592b68cb61b942d5c5f1afbbd48fb4b6128cdd334845b6d398c288370406cf3,2
4f56c86f591df9f7e9f7931a5d1bd1465147b77da3d937e254f4eac09b82def6,2
79c2e194d644b0a46a81b2334af2cfb4ba024e76b7f804ca6648419cbcd702f7,2
3bfdf54a81952b9eb5bf5a399ffc0c3c6ba1b3924309a9a9fffec603bba53bfa,2
58f10d1bedfe3a0e253e9ea76abe8fd831c2b4488e47eb6190776df5f06b41fa,2
2e8395c012a7de1b7017011b9b89760167624d798aefcdcb06f6c54cb82507fd,2
57165c8d7e48222405261aada49650d06c43b0e8d7fc68c36cdc77a5253418a5,2
6b9732c6e8ae35b768bd2c79ec60950f88170c082f6e4e16641c22e3e90494bf,2
feaba62599513544b537c69ac831868dad8d3362ae0580b6088e15a04ef78032,2
761baa017895818ff5012e74829d0ae7573ab97cf4a82ab3d567c98a7faa5a8c,4
b0e466e26472ec20885c744d3a8239495f0c34ba355d5b82ae092d263bd24552,2
4566a0ed1ff8c9927d3d75105aa8ff62a48051f9546bf0b2ec0328c549f2d18a,2
4a8aca2565ee0671fded4a57aeca7bab7f7de171d4809137752ffb8829183fdb,2
51a57e7984041583180353c74e414f24b0bdba3fc283828afe64521dd0164343,2
710080b0dde5741d8dbcc9336fa21eeb42064f4c18aa00649ddb407050f8451e,2
9ef8816cc22196979ced1c54fa578532f32dc0fa412cb52c364e095e8768a088,2
92827100d60fab714c936a93c579acf7150ce5762c04b2228a3537e504f38d28,2
9f3e705b090595c0159e29f855726dbffcee42dba3ea7dd5405bb70d8ceefd0d,2
752119d674280a78a472f2bafcf8a0a7de8dcbe6be99e2946eea3ac5f97ecb00,2
65ae6d9c09e1ee66d1e03ddea8c8a710d60099d8d417f900c861f2f89e8b6f7d,2
b4fcae54958b95efdaf824751fafe45874b496a17f9b9a413524cca46ab68388,2
a349d88d9fa9e8ec0a468bed35d3e575432a3e65c1b3dd146d605acd7d487bed,2
4109cf1d7af3df77c83ba1a6dd12aa30119a1109463f4fa400d5acfb55546b07,2
3403776867ac4a5d92024db932972c0d5452b934f8c176d8528a6465dc579d34,2
b6ed67d2536c436bb9b2d8ebe3fb14b897b303c74ce303a55a2bfe7b1a6d92ef,2
2bd739ac54b4902af86bdd788a453af46538a0c424a997ee74fc7c6df11da1a1,2
c343684df0e9458bf93c7fca5acc03c2023fac61a0a86e14800b5a1d11f88d90,3
c0594c7bd032795fbefb6da8d5201aab1f371760e07921082224684c36c64a7e,2
50eb7aeab89735a0800fa71923bcaea4eaa65b3d6bca8ce1ab0c478798ce0454,2
d2c81878109998d694849fd338400d5b57dd596cfaa5d75120725844a6ba8880,2
0e47b34d1e286f510cded670e455a051d0ae44ebe1eff0305b2d06256dc771a4,2
8b3685c1444446cc81214b8b8e6ed4f22f45f7675349372a39497ec3a1778164,3
01321733ebd0c0d2957982e947811e0f443f40ee6ac2ade19c55b062904c689a,2
5ff6743473170bce7fdac899ed5a4b4ae554ab0d7e6d9d929a8ecbebf667c186,4
20a5ded0b39a73a4215e44fdca708aac859dc97340b0dd735cfc7eca7e2ba80a,4
23a025fcad83e0fe658fb593db1ea8b553b0df0af840b2547c94001ec4b5a20e,2
665458f33d8764f826ce270a4329f702f04f01e3b3b3224ac8da67339224dd2a,2
bd9c47549c0d63cafd911426f3fb59d47e567c1c8d1698d25a1d3ff1f5b4223a,2
2350a088bef587c81e280f2b7973df7d5164a45d57a181391f441eb46aa7708a,3
36d37cdf978126470261c2e112cea5e3ce7b8285fd0f319aa2dd9d5c479cbdb0,3
01a914f077bc0097e5abcedad9105f09538a338917b2995a29f890a8d33775c9,2
78e08757f66c5a3dd91f810a92f4740c3ee048dd8399e8634900ead16c8526df,2
ebfa763ef4dd7977e75066fa56abc124b95b93f9fd78f4015a85affe729e6695,2
ebbf2acf9b0c21b397f1315264514d5a5f59e332c58bf540150f1593ddd958a6,2
91119a16880e3ce4a89c3a02cb94bbb21f5dcf79dfb07584ee9982fecc0354ab,2
678d774462a57707ed09b1be264466941f20dd7af20f3933b740df01735fd484,2
3167a4253b067826f1b8a28b6b59483a091b2b12da57e41cd96797f85f747b49,2
0ecdb3d91fdd5168a1f46b40890aaf739701371489b9275e8591d21f4574d814,2
46c81c95a8befb94415864e373f5ab9f31b4efae9b502a5a3ea203a0a0546d39,4
20f2fc3a037667f040e73a6d28539b8dccf255102592f318a35cdad097d05ac5,6
a19b8d2840d868aa651914dbdf649242930ff6f745c742e748b0d4f1545d6ef0,4
3c59e2a5cb295f33cd90ccdc66587b87799d9dffc5afc611bce417dc3a8e68d7,4
3ed51a6f2bbe0b14fc6730d122f067a95a976878ed0e6d677cfc12aa1e43d521,8
d99e97c7d61f688f596f6ce871547a0c382e0a72f89fca44d9b4eb418325a11b,5
5d70bf73d3ed69e236e8701b01f2ea201e4262c0c7d526135bc57fe2501d36c6,2
38be52174e92b6c8e97044af9ab6adca518e7c8ae65cd8d88f4e3cd44f3b9c84,2
80228d523e7edcb5858807cd2e51ed6528516ef42f0a49facd88027e09530a89,2
dadae2777fb15744740c3a195ed00990c63f97b96c00ee7fc037a3813e72de4b,2
0a88a60a3526258601d87048c7e3e8f8aa9c042e2d9b9c6a6c3c3f9bc37d7898,2
2367c99fb6cd0117d6556cc2878510d5f8405fddae94aa9dc2368f8b98d5bc3e,2
457a123a1e659991d797f83113cbc95f8af5a18f938b09030190916ee298119a,2
feefa76307cf9621115681ae0646c8becb3e5ead5653e95ccd289b29964cfd90,16
f0295f453633af1a26818991b48f452f0c486b7a4b4a18fdc05fa1c0345e1cad,2
d588e3197d2380c99bce71b6bb97caf3d3e926cbc7288b95983d0fed409d08f6,2
886b70a444068a7fd0cf5c8ee9539035fb100d726787e02795cb33c40900a1ff,3
390bb4a0236b880037bfa6920c1e53119f996097e618b790e6af071e71460458,9
b80c65ea945829470d6f80a7b645c7fe0aec3cff06a5685a63d0bb972f1308be,5
b4b0546cce8e888d60622eceeb18c7b1cc056cbf80c4cc81c30dc0d4c40a96ca,2
2f9db04decdb44e63cb4ef326ec653d851fb1a0315bfa10b5ba93936e81103cd,2
395926287ad44f4beebe36c03016af45538cb151353e4fbec6c2cb7a81e0a2a8,3
7260676bfb147e989b71cd286b7c8f33d4547c9e74f2a626e34c219e3133100a,2
6fa5422e9b25b8c488e062996f56fff2e04b779cc5613dd0e78acb01404d15c7,2
b65223fae18281549adf08455b547eaf227ebd40d4c59f3e9acd616177d7661e,3
544e0743d29e39d675b8161c8c0f1256c24f84254274b16a76b41821b816e6c6,3
37c1451c290ac59ad116e89d3f3a82936f9cf0c5a14a4f686ab60d0d567e3e52,2
8f055be1e5a044604a196fd6b6e4323fea47afcfe178b10fd856d9cc4fdb0687,4
5817751463d8962d80d63d1a1347bb1b968b4c2e4c0157aa797029e1f8551c23,2
675f9280c6699df10000cd53d5650250cbca857739bca5d014defbbb3c1369fc,2
14669aefb344167a085a8feec87ec6432c81827c38bfcc0c1be246998d780918,13
77c2ea422aca1c57ea29de016f965a7d7e0c7597057263c6987d3578b9657759,2
94be43fe3203047ed774a32a6e965c933f5565e8552edcaa2086452c31684668,35
ae97de9583c41f6c1bfaa5b2711848a756752b15e0de5edd221b8c6b3a7193a4,3
4c84f7cffc16c1895ca1e3c0ba498d1216c502f6429e8cb1932b59f34231ee8e,38
397751824a469aab12dc2f1eda7bef9437aaef1b017b539a2c96482ddf39533e,2
a9c8eed2d5406fab32e4447fa5f1050debee5f12a34c08756680fb4e4b3541ff,3
af503ed55e5ab2a651fd471a4edb3ad59c1115495f2fd943b8149bf801968e74,2
4fdbdf270b641b1228cb075d74f9d96bdeee7d5eebbd500c3926af7834871cb1,3
9199128d147131a612208ad1976d7e149fc0a8a6b01239c5bafa5c8ef62e7064,3
a7f21a5c1987f6fa3b89cf2c3656f024504c3537fc6314054f7d67be6525a933,7
5614af10f2d0d17455807b7260cfb6694b310f7bb9839209a6479e1c99ac0899,2
ffe184a342a96cc45858b20b3ebfe49c4b74ab62142e1697007b375732d21402,2
7c6945f7a6cdb78cab3f816073c41ab7b2d5ca08c4228627e73159b8ed572901,2
b538a57c2de9fdeae36ce794a0daffc8e5437e100cf8391297e744b4ad0191f8,2
406aebb23a83e3ce4a27b89a0542420e931710b2b18a123c7ba3ee8e4474b877,2
2548ffed9765382189f710c20eecbdaf75ab696180234a1226f91a28b4acc896,5
2fcefe06ad98abda595375c25b7a1ba61878aef03adb3f3c99c2595a44ad795e,7
14fb5216ea523d4b96298493243c84f1bc9cb13e99474545b1319a5265af179b,4
00c5ae422f6e915a1b03f0b3b932694e98857a50ba233307830a057fdf05a99d,2
6531d2ef6d523b12c8931159d153f125b8128226ad009cc9487f611c58a009d9,2
252a79dcb26adc0c83eaf6ea41a02984e2f0f7e7969219d70cfbea7512e99335,2
bc5abfea262ed4f0c5487f4246e8b162fe741f3d302aa9513822fc12c5c7fae3,2
3e9e315717356f6eaac587523796b84b2fe4265cfaa3c95f177642cc5df7519d,2
367cf6e9b7d22929764df7c1354d4dbf742ebeda9bd9096a49c0ead66849d7ff,2
5ba698da5b7ced34e376ae59515e9edecb4d300d896cf9c99c1613e35e01348c,2
47b4f871479a77bc6bc7f1af0cc10cff41b7e04686a5f62ab7e5520e7a3f84fe,2
1a80392c7cefb7adc265252d963ed2b3afb024124f6b5551d06f08446da103ce,29
8c488dd6332ea901910de498c5c0eb9ee68fd68d09a0a5eef53626aa34d3fb2b,2
633b6227ad9115bc508fb9752ac94a6b115dcfd68d7365c4354077b1d6ddaf8e,6
9076281bcb742e0911f59dc5ff74deba4217e0424bf680154a94341d71ffbc59,3
4194ca0d52cde85907079aef07e88df16ebee2f152ce21ed59e2fb2e577c871c,7
a894afedf4ae24e1c6974b20765836c01cc494ce6807342a2e668673ac2acffe,2
b1a1955576a1f313513c8d7aa793fec95993dfa798eb91d14d72807038d3ba58,4
4ee8d5a085e11a11ec2507d5fdae007cb5cbcce5757c3f0e1c111a94c0c6ddec,2
6a1820181879cf5ad4be2f916f6751b8d047d774ee5bf791c1977c9c96eabffc,2
6dd9c84a2b0cf9d5eb1e2201064c83e0e4588eb5227e84d0437fd3479507f306,10
46548b1da7523fae9fc84045891b85efc4de845d23254628d8909fb4401e7438,15
abb4a89e5249744ced9e080fbab71fe4dfd660086f2fb67fffca0659a9ead9ac,9
804c7c96bf4d7142b42b423085876b3fc2610f6b69ea263506453aa65292df74,2
fd73f648699eee18c002bcf210963adb45b03a6e8088042ed340ff3da1fd048a,2
188bbe68c4e6f276cf80f24095f6ff17e6394cb988317bcef9b66344c756b286,2
80f6cc66afd49253a64b7a822cbaa1d4be4a1b662ac3ef75c90c39ade790730d,2
fc052204036f6c37211e9835487dc0bc0d8386d2a1ece0e740385ae104d797fc,2
7e8a6a14faa5b8b85e32a485c850fa00218874a3c59bb16b1ce98f7340cfe11c,2
14bd5b8af0a774b33468806467f3ed2903b6da98d3e666d705b09a7a946a81e6,2
ad8631737844f17a52f2ac7581fff9459de5978b823efd4f822cb510264e6c6a,2
d3e8baada9707f1000725d3a7958462fed7706bbb32aebed6fd620a5971c37bb,2
2e06a920b40c86c70e004b89f30b57254a502c1907443fa4342e4bad43f85290,2
4433cf25a76f0c82334a87bde4dbae5824d3da04361044006d7f12cde245670a,2
e2e3a33e517965119ec3cfeac9e4b9d20653d6d0deff95e4545b08b87215bd66,2
9775f620eb96bc0f8b787e46c87bfce78896a1e2f36f345c46350efd196ee845,2
fa8adb041d3cb8de44e8ab8eb932d2cd74685cb62eb017f99ac62c0af6ca1e5b,2
3c766c54c3d6c65f1bfc98154663411b580513bd1a59008c9e779fcd6e8e6c57,2
470bb2df1dfbda42a2841e2d140209b1d279466200e9bb195f046278c52cf181,5
d1eeaa5f39223cdb48ad8f8fac233535661b58d99439bc0521fc103efe9078cb,5
a1561a0c5717e59213cc531db51274c1511bfbd819db2b2aa0d0053e03b0275c,38
8df553981abbe51441e6d039bdc8fc0d0c335d0fbb30bc10c2747b2c7951c900,17
fa660c18ec5423e6074aaeb88da2be7945afeb8c66383e9bc7abc0b9b7f443b3,6
a7f3b279b1d01497ba25a50892572888c764d7b78f8784790086c041b03b3131,29
85cce5fd1a10ddeebd8b1c81d311c67b3cf3cf84ab3d399aed2b7c7405b04821,14
72cd8b64ee537a6abf5662d4f2c6f6f8d92c1e3f9d355545a24f6c3118e42a88,2
f7963fd5c3eee8ae41d584812d1edaeb127c74137d726ae213f85d7457b7d18e,2
51a312b9d0b4a6f155c824769d579b126d6ad832b8649c615bd415660efdbd4a,2
39294fb4672ca7e871ab22e2122295c7a1ca1ac48cc15cc809b1f14b065fb63b,2
f3f6175cc23835ec27cf20ddcec4271c780f28d3a6a2001ab5944a3d861966d1,2
5b06a15fd614e79570491388b1ab3f2b43ed0deede9636653387cd656fddedab,2
204e2d94c54a88d05d0b837538078e257e2d09c472e227ff95db4470996220c0,2
a348b395c01a3293671569ed491c5aaa5ad0bc96b57185b238e5a4c9b37d9d90,2
4ef4c9d6616aa1a9dc9e2a3f2de1554996fdc9e1beb837a578386bffab18598f,5
1800f40fae53911420d6d686c65506c6f7210c6bafac7bade9caa3cf387e0fc7,3
33a7136cfa77c2ce0ce7d0599a04cddde45cb9631ed99675189085fabdf6236f,4
7bf451ed0b69ecbf1db9eee8baf8a46fd7c2cc4f81e78dc7d0c973bc01ce16a8,5
556fe5701f4ca425d39fbaa57bbb15617586d518cd98600ffbc044e91d9c46ec,2
ee6dd4c45c85a80e198ac50e3490d9c868d3c20fdfdefc6b05eeed242253b6a4,6
ae83995017fb908bebadb2739d73854831ba7ca0fac07226d9184b97214c51a7,4
e7adc14ff55551fbc49848168a7b6ce3bf8c7159d51703e919ca9f1c2a160c8f,3
6faba671529a82122034382fe4c5c241296c97878b8e9e79b3fc6423fecb866e,9
304d6368e5fd1c3ad31b5b07a412f09980420222021618b03ecc655bc59354f0,10
6d40e65dd3b63995b09d8afc9b6dbdaa28d674000adb1564f961d428919590c9,6
15eda54985e0c376ef713affe78c6c4b3a9d624b6cd78029d0227cc2790fda9f,6
48e3a2a3400bca4968ddf3876d3e4cb2446d07726cc2c82c5b6bed2e7136266a,6
06195f607936bc237fe9b9492910e826fcbc22a464da5a022365f53a963cb57c,6
73dcd335a683ee0fda0c2bb6e8dea4eb850fd3251a04cc914446ac655a3e2788,2
99c1ed1fc5eceacb3be14d5bf8ef8cb931b74f8d860d8a970f4040e39bb5bb24,4
3547be32470eda121e0b359c2718ccb46468f80191b272e4f646e63a940540c5,2
8d9f7ff125a87009488b45856d18cd7d92f5f5a059e07f7a8ad96c1af9e1c832,2
f6ab1428eb962ba91e721a6580b6f8ecc2eeaed3f756d5da007800970eb333ce,2
d2e4948cac0ffe3ecf425e62f90c85ab24e3a4d3598f20c0e41ea9b2a5c6f519,2
1927d2931cf0d8f46c66f19807b772effabd424db0eafe053fbc91fa2e0d8753,2
808a980a4364152669ca003657a44712b72f1fc87b7f23ddfb184ef8c61d6480,3
7ec1ab5c064b78c7a5a5af948069dff57f3e5ea8e4f8f9a90086e17888d91ed1,3
479ff646e2000a1cb3a7ec283c75de655d289cc41589d1dc8f203fb26ee21713,2
177cf3e138ad9917e3f45df77df8f4fc76857415b95d89f4ef629e89568fa614,6
0596f99e50a51b659188c7ac58c3085d2b9df16311831a01c83065bd6633325a,3
e6d77df5a3820adc4d97c9c9814a1845c295f72e499b6623291466a5bbdc2b67,5
bfd37da20c0398bf23f4ff4b4828c986fb7058bc2bbf346ad8e01a13dfef5d9f,7
998aa80fa79c056269ca2f11e4b55cfd59e16e3cede5189e0ae77393721c9e85,2
46413afd8a1b07783cbf9e6b4055e0761e8ee1d150f3800effde8f35276ae392,2
ce36ff8641b47632c0a315ac02288b3d6d76235940dc0cb40a5857ad7fdfe5ad,2
421edf887fe81ca6f14c47390f06fb673e72eb17f88ccd816c3e68086216c6bb,2
a791c584e915ff14237c5fc9e9554634314a61852069a0ca9942a86da7e7fee5,3
59bd247f799dd954be11406c64f3d073f1ccbb54f2c5b353d956cd71cefd1409,2
e6658d9e53a995aecd94582ae1347e5a2ae9ffeee54de1f1fed70fb9d676af2b,4
65126d396d0c17be7a4a73bbb15049f0b84d59c9e473f3a974be4795e57fa514,4
a6f53a8aafd4fe8336802c81fbf5c72e0edf279b9acdd7bfddf05c822055b145,2
47c8fd0edbe477f9a4f27506f6b2774577673f254053f135d6ae90405e3bbcad,2
8f1c60f29418ff182da1f194be837b4cdb1adcf1b39d63249aaf3065614841c5,2
2318d2a47f0dc59700e687683d748a4348240a68fbd881c8e08ac64f0e2a6610,2
864c0e52204fd7d1bca3d560bced966e15325515e01e52efa832299d430a0bfb,2
54c4a64c30757283c46213d9e4aede3a7e36a6ffbc4ee378c9e790e067515ad3,2
5c38ec1007bf3f801dc95712a43a2edbf30aa11a5df6b61ee70f1db88077bdeb,2
3bd41f2de697802785f3a02cf485f5298f0ac4cbd872eef148d3191476ebf26a,2
086d327324dcd2d30cc2b7a9fb889e941fafdd38ce51bc337d0370a50b243d67,2
ddab5139a60a268c857a70347651d85f5da14b268568eb745dd1e3047b659151,2
b1638a53955ac7550f0b0fffbb4e56782ddc279d61bcc7288132d9d269ebb8d3,2
33236589cfde13ae04177957fa77a00f68bfddb94e8cb0672cf9a2a8726fa0bc,2
f7ee4c4d8576e5fdffa75e21ad9cc121bf4692ef4a453fe39dafa08b5f1a837d,2
106b5be94509d735fad220da61cbbaa19656c0d65336e1e5b7d6716ede414011,2
47397aa088d569fc2c7445fb0b10df6b2755bf701dace9def1146e43209b5e77,2
1752743ac9484e358d4fec01d2267249f5c606e524587b23938238c32aae8cf9,7
eae2fd88e5ebb2f28fad65a99447f9355c4884b3c50a8ee402b4ad2c0bf35301,2
2c82a0b00daad3968a43eee5091da7756b9482c6e4879b6590daee7d4cd426a6,2
309078869b377c848a4e977a14bb607c112702bed4eb58c5c1ea58408503b07c,2
3ecbaa2a94c79c15d4884b365d8d59e96e73ffb348f928cfe73f8eb04407bbf5,2
d1b7998dd664f158fe4dd03e6ad51ba82edc49c89da9601a93eaaf8a163509d0,2
23d529c792543f4bd18b9fcc72ab402226d47897d0eec7498a1b9d3f53937974,2
fae0a9f60b315046eb436374e1fdb319fd7982f3f790ce9cbdeaa7a385e1510e,2
a690ba7ab5589baa164b7895ff26d930a4cee99e1a1aa51c7dde077acbe91499,2
d27dc472bf6d394f184295959d6d948ab7157f50bdd114d38e3e002bff244c5d,2
e74e8854d7190ce80d09ae046050426c3257852e809a3c4e33942873311f0147,2
7a757b1b4421608dc84896e1ac432f78ca6dfd6f3c592f9b161542c9718e6ddc,5
1b54c0657e5e247bbb1070895ba0d3cfff128ecf214b17989de31ce4edd3c2cf,5
74a7ade95e6249b6c47c400e65296d9a79bba8e57fd7d0c313a60145dd2545b7,4
0684c0901fa1303e58b3a8c38c97293961b363ce937764446e6e235259ff5b82,5
56ccbb9bc01aa23a2fc8bc6a48f9bcfddc16e8c6719d7013f7649042574d5e86,4
09fb30ec75e43df134a944327960e6859b481b23e58d72d5e5a4b91c6d6a08ac,2
31be9b8e9bd093850fce4934261dc9752fec25100021555e9045b0ea3063de83,3
e3fbacceada65d1c6a9a377854c92e849793aa06ab588ef0397962fa858d48bd,2
6c0a33a24d55215ac52d5b3af268b99ba024ecc124c322a69cbd1f54c9a08f21,2
a46dea10b38b40c7065f4ed6faa9c8724e52d5766242580a02a679f05d0988e4,6
1fd6ab9b656322c8d6795fcccd8cd8e99f96f1b0c9102c215b40f215007498c5,2
e8dde3ddb33744e4e579239acc0a74c8964caaadd5cc99683fb496b1bfa58239,2
3c9325e22eeae07855f87c9c9e8e2e032ed8be1ecede0dd35c5e0bbc9193e12e,2
bd0d0a6369c4f55bee1272da4bbff86a1bb043965187058bcd60ca1320797c5d,5
94a1f36dfe6977a342d06511fc3311cf3fc2313fa866fa40d8d24cc9d1e799aa,2
86218e28f8a57f8279bae852c40162a49d87036439be412a84815e18f78d45d2,2
6b3e336deb0f0dfd2b746f04f494654ce5e89aad4e29bedad11dbebb9862af8b,6
f6884329d0877662a20c3e48fce4d85a250a00e3bd4b129208aab62416b2dd66,2
53b4e647f3863043f6de77492042187e9700420b3fe6d81edaca471855681026,2
49b2f4c5dc38d805d5d257ed7d61b372340de773d6b7572b5881e0d2af50c0e7,2
35dbf3ab1d01f55ca26d6623a437181d209d7eb19e0c0f3f6ed2dcb11abbb82b,3
4f5200b3f84e3231e52372c41db3ab09bc497d8b56bc6a3f043e9cd0719b7a48,2
b65e3afadfdcfe2b952bd125586de4b4e07a22ae1924976a2b44ea7f32067249,2
5bd844aa305710559f2082e21fc7e171c0af935e248643695e8bddd1f6cd8dbd,2
bbe509cef4cbfc0076ab3e5e6551db58f9aff56121dc0a11d48b6f5a56d08176,4
b79ae7d33ef6a5cb11dcfa170537fb87e814287d1b1e75a592565c1cb6b0777a,2
cfd1d28c4703a98411837d38c9ff391689517b39f9c28b65a3203359966f8002,3
14d0357e55d3be2cf24b2833cf858586b5d0d81aa81f8e6458d3147816967eab,2
41a457b4a470984a80150d5f488e64fe7585c40f64080ed064acbab765f56863,2
b21215d5a04ffdfeec90c11c179d3268b9f7eed0350bca2bca463c27a6d7d6f9,2
152c8d446ccd5333cc4e695db4adf8d5769fa7b00acbd3afd21cfeac252416e2,2
f860ce890767317af4327138aa82076362bdd70ffb286bfd0f1d10be38036c36,2
bd63f9ddb2c7fd2e5fcf3fd92ff05a365bb43a049989e1be808bae1a7ea7adb5,2
4a71c01c44469c532349ed58425c4136ef8072ec0db2a1561afaa045fbc8bbd0,2
7772c0c509f1c856d167568227b2d01901695397cfb0e8382dda55c486515aa9,2
26a9c61e4d50997bfb3a74f71351e7af47f1e5de7719bc92058e32afebd800fa,2
05db52ce8d45f9c2569dda48c3ff15528b92633ce468538c96a6d488ff1ce59f,2
a1be036b65faa45e74d2bf813895e7666556b9482a04c0733460145bf91201c0,2
aa3bc0a4c4f382a0ae5a8eaeefab5944e6931550f41458a7ee26c353a395906d,2
57017f5033718407911ec99e7c1f843540a8bb6984d86b4e8a7be30231f37c38,2
f194b18bece192dfd8ee4f33ee5128d21bc9b0d9d1197c33767a63ede4c04f3b,2
d6a6019cb61b37928f76e7915caca796134a2a16ebdc4fd89be324ec1a5eb28d,2
4843ad9185567bcc3f5aba29e5e81067955c1c63feed004707c22da7097ad25a,2
dc260d899f364091ac271bfe11f3cee28eafe3a8cfcfe3793a4a7067ff70ec58,2
ccaddcdb4adb70a43d91d63c1ae7fc61d897f992a24b9ff22e4d05c6280286cf,2
b415b18a6f345d9b39be6a27102f98bdfb77e11d497eab4c37ad232567ca1464,2
2a8b14366882c864fa278fe57d3622c4b34eee538d6d91f6c2773265d1d78959,2
31e0e8c82211e4059d48b8162af3ab8537a87bd3aa5302cce841a472839c66b1,2
ab0c0849f19e06eaf4ab982a1510b2fac17cf20a28549926eba54d3f17e4b37d,2
391fe912b2b9244891b0bfd8af9e9cda958f9b19202b88c3f54ab3877da4b106,2
b832526788bbe6173f32eb310c9b5725b79178a206a42c5d44a3032d2fdb4c05,2
919e9dfcc66165194a0ba7c0eb41f0e7409155af332dd65467c1b36652f33660,2
392a3214ae83fd2b33f4a4a61518c573c20c9a35340dc5fe81989c1ba3e1790f,2
7107a294ba75863a0f40d3efd5c52b71046ced9a46597559fdf374d7be72f8bd,2
8af986c45f7277b20bb92247d0d1d4ecb28fbc4f29921265e22f2e0e9b88b964,2
cb8574f359a385d9dc39f9eebe765259f04380a6aed50a08d056dd150c22a8e0,2
20e160ef5a435134520bb1287377b5892038b7cb7970ed53bf282b089e12069c,2
4bda296909753c39d92ee6eb577dc47525851aebf19ed193cdc5f10037f51d5f,2
d24fa4129f9495658dcb58cd59bde78bb7f78eb8c5bba21b42207af63c2cf5d8,2
bb810887ea0cb9579baba6136a6882d8809b750a57c1983955f128ef3f03a36c,2
f78318622f6f8afe8d5c6a1fa450ea3b4b1db4824abf309ca0029b1f3d21ecff,2
72e60e9ed3f6daff30ef082e9b0e3d40aa0346030b0af4805c91893e51863b14,2
ad74ef1bdb85c7703e32e6c5aa1e65353f6142a5b49889fc5145cfa20b3dc23e,2
53b8ec17817ccfa949a78b09487ffb72f5835bbf4cc037f33fc193adb05a8b3e,2
126f430b74cc691f6dd8b823c3da98d37972f83938d0712b424f23d8f6cf9ffb,2
47a31b8c496df8061789e1153dbd4a7a9a9ab212f05ce26b956bb039345ae217,2
953de2725e4582cd2118ff1e38fdc95039583bd9bbc4b68dcc888f090e857d6c,2
a737c04f6ea7856344db0d100fc1cce10a13d02da9c72e863d11761663504fa6,2
5cdc5cc8836200afdcf13857d5a4f293ee51f04ec58f79bfd18b0539ac2395d1,2
01f2029f5eafdb89ce9f002a561d0948bd74d81213e18d8934e6e6aa428fc577,2
70675bb00715c0c09f43166b900a861b79adc72d20ea01eed10426f1b37cc036,2
678b9186bea965007225a75d83eba0557e0a64c0ef1b79bbed7d8f743ff22855,2
dec2dd506b32e9f931c96d7b2fd194a96105f16c16a89873febb2c04a04d9e54,5
ae504155053d6b165830b3e7e78148eb07cfcd0c46a958160bfe703410144a85,2
ea8f8926971079a01bc11a90ac873e8829e8e60b63653c0efd51518526b5b663,3
8648d0985cfe493bb0e40df0fa6baf485f194d48b8833b6def6418f6cb09e633,3
9fcae2862c4acffba2b81def3dd9a89998320a543842ef98d232405269325881,2
982a6e4f6fa37c0e492a9af70963abbada9544b4774a13c677871b978eea544e,2
a2415fa1f87d991b11fbf21b3337226cbc5c91bd7bd48be69107349fb5b32c81,2
5c8da4ee44f3dcf5ceec889e96ffa93402dbfba4cd7572aa3c46c2c0ddb6bd0d,2
99d5a51a94feb71775686bd477d74ba2138fb7a8f7496f974fcb93e382f9c78d,2
ab53cc77405d7c1e523d9a548c40c836d7c7aabda0e8c4e211d7a7860f1ef160,2
2deb07549f32e4e8642c208191bc1859dfdf7db2f55cd970149dda1af1919c13,34
a833d90383f4fbdbf3c299939f6c342a23188e59f98ff5e9a7b5b7b69998d83f,22
f6728f0c8935be1cadb6c5549a42e06de20ea4e128c7d2ce290ed2a678360fb1,39
0582729840c3c10b2275974147860712e084ea7c1b9c3915901a6d7ea1694263,14
13d5515bbe2e7ffda6662999717ac01f8879fc2c062df51b03e962fc01f08d7e,19
7d0cb83272670a6d899a88c65a05831c073a47efb107cb5ca191b92c499324bd,17
ba8397f86c6f75e28497295a93f9c2e3837e0792a688d427662d98002d013b61,2
75bbc2c222c73ae480cf1182c49498a1b28f3d7ff5f4782040ca589298b577be,23
c0ef9e1469255e03857c8ea5da3f32d3126ff4589a010f1df66a1c537ae51a72,2
c629f242b135ec82470b2dab517a7c4688aaacc832018d8c5d994e4d8dcd8725,2
737ffcd1f8adbfaecc5f2a2ad79430030d4e36a8f0e2437a067dd573f86a3062,2
620d3340cf74d7ab9689a61da24748d5bfccabc3a9f4aea363cc4ce6f9db8aef,2
64dcaaa75a7d3dbc86dd1c6947da88413e8f398528d8aa9e4a6474deb58b5814,2
707c61417d228f25524a8e94feb86e5a63abf5f00b4bbb86b04e7cccd8458f85,2
3347ec12f16687cb55334855d6b0e449dfee127cba60380d47512b9694dc60ea,2
aa98a7cd7231813691fa85c47b25c7b4f544026a1d65997df707ade82d5aa3cf,2
f203021978e66ca146f2610f73bcc693f2cddf1622efa16d9118e0be8edf8c2a,2
4cc6a75359d4f21dbe0c327ba2b6f858bd32c2567541dde023ab89881c7f8b33,3
f132419e5284446ca884b36eda58cdb18de49caf8af5b41a39f6b5d6e9a23aa9,3
1824c9abf1c15b007a74b791bdcd7f2633dc9104e3681d9a1a9c0b6b98c3451f,7
83415b22559c39301b22922aeac99dbca949ceca848c2db70e948bf8d8faaf18,2
f9eb314275136b32a084adf3378bb9c7ab42b934a817a4d807c3c91e2b16ad1f,2
f8e0b2cb42a1565932882eaee3303f545d85d905b2de4f40fd2a0f6aeb66f3e4,2
b005aecd15a73fb89dc987eb567b12b9a615f18d282ab1adb9a1b6d6dd749426,7
0f1e7854da58dbc318e4f2ea750bd6455d5de29bc31882633ec6eacd59619c5b,9
3a18bcd5c61205e0afd01f9ff9d96277a1c2441f2afa2e5904a3e1f2563eab3b,8
cc295fee43b004abfa1cfb453c745048a5c85773f1807215fc189b220ab34ba6,2
915d10b1d3d1d37f26869cb457ad807914a213067a740b01164b16b996085f58,6
0e4b9e78ff99fc7da23a001c30e4f62ff59986c5a34ca6938d936b07099e0ba0,2
37fb0b2f973d8e483630c16a60b22f058d8bd19081d47c333a5e3de83629df93,2
a9f25d02ddc6c802cd4aab12eba29483fb567b3bd8344570f767cbf95d119f9a,3
5f9a579972f4630488026bb1b8a4c5d2e095fe7da6cb25b5fb0a9dfa281e7ab2,2
378d6c85929ecb504fa51bc6a9e22eae24bb4952cf1021a3a84f74b1b5e7f8ba,3
e3695853f4652315101661dcc0a822c42495ca6f779a013ba9a32b2a01c6c5bd,2
db8ec902ba52df13874e607da231580073f3e97280fbbd47c3afcacdb882edcc,4
7ef955ac4a0d586bd75556a76cd701400c654523c89dadf78836a87b050c2cce,2
a6cef480a9ff906f92023215aa14749cbfaaa7753c33aa253f70f2235cf00eda,2
90e4e07154055e8064d87ae7c7a5d6044a1c1528b6bbff1dd644555057da13f7,2
c999e6be74929c3d28fa816af55020fe45651bf9ca6964a4ef1167962607b1f7,2
97b0def914e7c2bb2b1d23313e73a20b66c19c291e428b1362c3e99a1dd969fa,2
672c64f5da5c958b0e6461a9b798ddc2db35493606c6d11b5f977a3cc01e95f1,2
c312ccee2257ade9fb69519c711d8609d37f5e33f41641d81f8f350f0def6c3f,2
3ae215aa2e2890f5999f05011c19beb0807363f0d8aa704615dbde702ad25613,2
4bcdbe34054848938285513f9124925a8802b322eb8a2c9ff6fe255510edf9bd,3
4297bd8ba57834868f94cc8bf9252475a3f23d91fe3d4ae494ef4ecff6e2a7d1,27
65f4549f31c6661130be7b302905f3427eaa858837633d1d140b39fb6299989e,18
8bb6bef4607a9d3df6ccc0d9dd88db7aff7e2400d8f8f8f45a5bb156f4736299,2
6a60ebdee106030efa7efe0ea92a35cf686884fc1fb7bf5dcb404baf79ed9121,7
cfe4e42421034e4ab08f04a01ac0f82a749d2b4fffaa8445a5e7b30799beb0a7,27
220db55f0845b461e51242d5bed538885e7a33189d500380c4e2a2ad04d9fb73,25
a4b8546d269aad61843ecbcb62a26d20cc4912b19486dcbbd7787953cc0c5e35,2
9a79baebe141f89ce56dad43717ae76aaa8166d02c6065c42925e51ac23d08e9,2
1a9dcb3cf24a4753909ed580fd1c4de40ac75eacc5722d7cdf2a77d18eb161b6,2
053b1eae7470aad5c1b9afadfa5b1ab43f241163ae53427acc22a4ef01c044af,2
a882df4bba31a64f7917688da9485dc6b2a10d652cae61174886faf3bb0cacfd,2
51329744142b746f4fc7d32a1f9b12eeb2a16be4726bb7a02477873bb4d9f9b1,2
41bec640bef5d05a7e9c4792bf044b6deb0d2aa90e00f05de2807f328157fe8e,2
7bead0ea7c94698b6f04948718be8ab88c18221f356f50239925ee086451a9e1,27
7a195e61ad111344f33c6fdc221245dc690c882c38a30dda86e77dc1ed443ba3,13
3aa6d800a6d9fb149addf04f3771a61fb0f85bf2c31fa476fcf7199f72f118ae,25
51fcced5adbd7a244ef13b2200a2f44829d855bbe2af78bafb0a6be38ba02da6,2
c7f4c219a918ae8373cd6aaa30c0c58fc50571842cca541be278f3f37a0a6816,26
693598b0a56720dc15e54da5698cc7dc4cc258c5214a763e1d41b9dc2fae1161,6
8bc2ab88a12ab0abc49c63f35ce9ba96e2411c3fc38e3ab78bb729f28d096aa1,2
e54998dbac32c6b14cb56b6b17dfc01f51e1a3de50c683d295baaeed39bd3878,2
ad3335242555d8dabb726dff253206be046439b641e343e193ec060d58999a68,2
605551fb6a9088e6b5b86d44d0d4fd607100cbb1f0413e8d40ab7a6166d2504d,2
c72d8869355c04135c266d31bdc5941a08ebeeb9f00aa62f486233eb6d6d4189,2
09108ff05024eabc3cdb2a0278b8803c99b4799d194928ad66325c1f7aaa57f6,2
9c36b80f9d04a38242d6eae27d366f420b2fe6154854eeaa8770a447bb8d76a2,2
78276bcb2485784270653e3b17a8bded91f95a10b19609f9d36b7534e04d3247,2
22ea398fd36fb35e43d571f209b1e307e4bb54dc207aa41348670dec03dd4c34,2
6933560ff0db2cdd3da2255e69f367131b64f07e09e6fe06af1cdc9dac2a853f,2
05f1b8f3447dd0ca1f3cf62d5fd1985a831d71e05d0a33be2d193e327c719f9f,2
401be1ed974eda423d814c3c082ce3565767ae60303afc8e1ffa9a44d2c1b85e,5
686b93b9ed607bb0043dce105a4693ab01f36a211363c18abd1088ffd9042aa6,2
8a2de5a30f707f6de879d7f4f564204cb56cd36ae07b6c23cc4af27fc101feb5,2
8de86d7a808dc971b39a5dc1646764a6afc27b8d68fe2063ea4abbead23eec3c,2
c60a78bb2a71b9168e534e64b29fade7116898e8e816e63ee0315570e644afee,2
73bc8bfda6bc3353e22d7897022d47db20d45c59526a2a523d8a1e8e4c60eae0,2
dd1d6588f487190bd84329f5959ccef3a9ac1f797c188461554edc3aa51cc08d,2
c989919ca633f06f7ce96e9dd70ba0cae9a0249b13538c1d71739ef58c48aeae,2
a30b04a9c8f693ce263d1f5d9d88c4c13a65011e80f4f15348cbeeed0c9b69ed,2
c113f3ccd7bee76b30fcd07b1c793b5b6dc79f559a48732d10b5569ff686af67,2
ef67fb327cf8a79994c56313e1fbbe4a76447f6e9456f915616f71254a7ada81,2
849ed4d2b889bc16ac2e98e0dfd4b65905a370ccfd94ed78a1183b6408ef7016,2
9bee3b66375641708e721e61c89baa5ca56ac26985d9e34ae3da6ea42dfb7dc5,2
cfddd8143a21f61df975a1d34e0c2b49603456a20154a936246606ef3c255683,2
7ce0dbda0908d9b17f397839e01ff45bff131429e79140874fd68019b2518c6d,2
eb8e8cccb8206a55f826a074f7144d2b40a3e2d9593120dc8e6cdc634a23c1ed,2
0c314b2212a73ec89b152ea553696ad8bbe303ebf6b53ad88abe9bdb13916f0a,2
9bc9efe1dd35b866f8d4e56a9a70369bea230b6fd62840b9acb5f71a6e0a2f6d,2
53b7d53d539c129e695ab57795241ea9249e70e781e34c7e17e218c3bf675e93,2
81ba3411bbe9b3fff653cbd664631050a5aef0e96722268fd118f5a70dd0b3c9,2
b489ef18d54e1803e9fdda25f2879e2ccaffcbdc419bee3477fe209f9195178f,2
d270a0cfc9544fccd0f1695729954c8245a9794301afe296612b7cde18a5b43f,2
79c70f9a9954ffa91fac2c0844080b4700e7ff368389b0e4073098e7284f53d2,2
83454c08da5e7360b6a7bc2e1ef60947916f97c906618c49d50ffd5082a4ba9e,2
b04f27d32a1d471642fd737cddb485116c346626e16d1d0cbc4a5cc1260bd089,2
3012b1556164939588b80429a1397c20c486c5c80aeb7523370eacbb9c38c462,2
163d87920cf932bc5bfa3ada20a8976805aef874e04c0f7021482c07fbf2ff4e,2
85f513b97f8024731ddafae5919d0a7116ad6ae013ba12396225ca85b6b5a0bb,2
64a428cde5824c17ad24e5dea4909cfe90596673e313017bba536bf2516f4bc5,2
b24a7a633c3decb05b56791d950f30e6b29d7fb39206ec7d6caabf8936895f2b,2
54f5105fba080f0d8e093e812cddc594f873c1c7196bb3ac37ca6b79269a3b48,10
ef6a064f3c4ef2e7da04b7c6a877d69d9ccaad2d45f67f29ba4aea8fc12d49fc,2
ba2363e662aee2863f59ea69d4de7342530bbf2d1abc4fdce5e08ca0f74b6b25,2
640a0588ad2defcc2f19f631d9904e6406d7cedc01ae38f123e1d3a302b75b48,2
c9fbd4c9c33fc866814c920e987299db3d1d76a526a7600adbfee457d72db29f,2
435832089779cb93586ed6439318f4d37897e2118357ec724830ae152546dbc2,2
4ed7ec6c2baafb9ab2d37149d2074dce0a77bb307022996bd737012d86887a36,2
f5f2e7340eecd0aa7e5aeded046e14792a1c30c0fc40d3bf2e34897eea5011d4,2
236cbb13f0ce08dffb59041e109837fe3308cbd9272317954581021d50771c12,2
6cc6a43119084d53d8ccd8fb21001695a8ae3edfc71b9db0d91b0f9e22576d20,2
cdb7efef45361c4ab9e9a5e0f1398ee579891c6763dc3c27cf5defcc9273c5fe,2
9c2c83265d6546c38750f3442804dec2cf58d83f5903c9e34632755c41d4b9a7,2
ace588344aa29213f1745a8248f7ba4a9cc49c2d6319d2bfa2a97fb0587bdab0,2
8994dc978beeabb50b876fecff6d97ba3ac3ab4d1b14c09032ba463fef7ff2b8,2
1baf7bc8a7077413997cb72c19387364572aec26f8cd8299d1a811cb3073901e,2
ce0c1bb4b49a7aff20ebda93423df4d6fe8880ec99cf37eeedd09f36a5cfdae1,2
4945ff7c7b40c5169332072155e0913c56e2b0a16de776ab55af10b994a8759c,2
01e16b868f59e5c0b445a33e9b0278aa43214c234364f3f331e21c48552224ff,2
05d64d11aa3b41c43a0090cb9bfbb48e389ff74601cc3e6f3a6bac78a35791b4,2
3e63f8ba2cf1faeb8202ec1ee242b3953321b74ae06a4d07baa5da27695b5153,2
f13c4d0470a8b8fe12122788e843f2921fb9d4811fd93f02961868c1069cd87a,14
8e11b3937d1d121a3e35cadf0faf8fec3988f61db1e371622160b46cfe88dc9f,2
0bac0d041c7d182bf6fd4e2c4014376e43fb206d3794ae7b2bdf129e14ab24c4,7
d02ac131e3585a386ed4d7c4f06b81a8728c7f093e1ec66b7667015337e14f0a,2
fd9d2ee2eb34e5cc25d01449b739208d9d72a245ea52c6958e8bacc63f32fe4c,2
949d9b62f3f3b487a15e0cfa36f9b43f0acbd2ca22d8bbaad5226e4bbbe92999,3
4d84260525160b81f1608c1da8f4fb45ee589ee329f07da85abf958e4ecdeab5,2
5f18f7b505d7402b7742251ca0895c2858b6f222795120af4beef4ee14f3eda6,2
d3b044724794790f58a53c28061947e0be8955060197af64703930dced6880a8,2
7f93d5d98900d111c91ff2fede7073b3c909d973a80725f27f12eae4b13ff675,2
5e334d5b006e1d46811b51305d135555580a028c0eeab639b45f54ff91fa392d,2
039d29b516baf0f7d2c865b658742b48d95b773649b93ccefc61de706bd18f46,2
6c4db6510c9746082b5a6e0da73613b2986207253ca01421ac44dc81d996a755,2
c8d0bbc0b429d869e70cc9a8037353d8c1b5eccdb30dc6f205491ee79f4852a0,2
b66fdd12e65243cb66eb35f3d0cc0f0f688b4d4c2b206227cf75e2e609da6ab8,2
743f89e77286462b78bdf33fef954b30d5ec2e59bb4b5ceb6d36cbfde3c7ee99,2
d5849c882e23f3a27a2427ee5da6167404f9cdf692fa711919bd96b025f7882f,2
d012c0928c5cc8aeb61e190cb180b569c553459722a023dc98fe81e4b359081c,2
5b1f5602d415f8271449670932b1bcb5f4287e90bbbab93f0b51055fbf3c09d0,2
181b0def681ad28998208770b196b1ab3deb346640daa5fa55821d39354855b3,2
d183d11027f5d419ec21036c0b6951e4851e9132108b0620be7e16f98e3c1720,2
8f454d4ab6f5274655094de97c15bbdc0b465bf38ded348a567379202acecf0c,2
88b117af15d218121d974c69f9f4225ec553c7981c1b22654f5c700919422e77,6
5652ed8056048ad8c058512360babb94906ef051040c1ecab4ccf084455a45c3,3
a444838942762a5c25e75ff85b8afd9fc27ccd5d7a5cc389cf23f96bd5b7ec83,6
d8604c0d3e9c8943633cc75194a87705c9d065aef311d481fbfbbd8da74ee6e5,8
073632cbe21ff59bccd54f19610f9d4f3f85fad02b76ce92433800e8fab35aff,2
3b78c3bf2a90dc1665f9ddb77c7c6f3b1851f57e04a759d888fa4e90170b2289,5
ba0ecab3ad7e998c9a2ed1a9c914aea1224f048d39a9cd3470143674e7d8c9cb,2
743798e703240972c98034947cfe9245fc18ef26a1e97f8323fdf7c0118ee8b8,17
5fdaa3b37587edb3a0d69f33f0044d22453661bc4ee6ad5136b5cd54b9e6539b,2
271f53277ecf2e1580ccb467393e6495ec1c96876a315a56702f7a5c8c863bac,2
5702355f746a714217971b6acc1662ca36138701bbaf684c453e56c6e751cf91,2
c69ec35627d6317313112f81a1d0c6edd6eac5ea767318ef473463ab62cc44cf,2
378ffcea7a3db5fbcd99b055588041fd6de7da23bfdf3de1a637bf858d074cb1,2
a1a23ad9dd924419b81e2b2ef1638f290a87376f557bc05442c521cb9879a7ee,2
7b01a19e6269e071552e0f1fecc77e0aef171c8db8faaf420865a63714141202,3
64eb0666d5a6df94ffa12edeac23dcee8e641dafbd131adda09240f9aeaf7435,2
e624610e25048707a7d5b4c022d5e4a9f5dcad14c10ccaaf7c6a660061beac07,4
fd80234724db44de4f260e6dce9900a72b5a4e9c8acd5823df44e918c73d6de8,2
dede59607fa452ce4e00eb4f968c4501d9f6f4e4236102427293d7f99d822a07,2
ead0f5dc7d3218d6b5b919072a0a3866a862d314a1c0199e51d7e79dd31f9ab5,3
c9ec1d7ac7c115577189b32295c34783728559b706313dc2cd01e298e57c886f,2
065b649bb647031bf1bd06cbef6aff5d75c2d008314001c7c9d2f7c407709be2,3
7f23a39bdc27e24993247f1f61f1a04dd95e1c715ba64770db4d94e81098758a,2
5e9f27c018099ade538f8afe9f3f37e00ce40c9248f1384baebef20a4f182dec,2
91821bd1c1c6c32a09d94436e7649c7799888c9d5129d2c2dd98fb15f5a300ea,3
4228070049cdb0170a980f7fbda211c7a28760e2cd5b690008a9e196ea40fd56,2
43f6020d4bf76a574346fda8c16ae56050c2f2f9cd0618ce7f37b7f5f087308b,2
34d8ce17fc5a4005da0288d48b98f5a011e97f95a82470f82f3d6418da69a9ae,2
7ee7adfedacb7170ed7d5a2e5249f9552532e08bfbf1fd82af4346e1efebaef1,2
75b33d9c294513ee9e413b90c94008e63c6051c28c60bbc73538e364cc715ed1,2
0a1f68f30da4e58db7b43a676d583145c9a6796428a6ab6a861a9e22e4a2882e,2
b26967fe658d5a32913627684ee624c8d06f2041ead9c76daa7ebb9b90657325,2
f8d088513ef411934c6a0062cc3923cc00824d74ba85d29552b65f165a0a5500,2
b90cf3ce287c94f2d7f74139fc7926eccef39c06d5b511c4f41f20b01836c9a3,2
695a5c898cee602f00c9a80690257ceb8748248e6b2c4ee08dbca8ba83445912,2
93295540b2653645c4aac182ed9ace5d83cce7bc22379a152325dba743311714,2
2c340e5d2ffe566b06a9ee047ac3ffde1b62cb367da2e7b3cae5888091248d26,2
84ef01a71d5064d8dc51b9cf3466a5a9a0f79b1376daa77cf8351a0c20b1863b,2
5e74b407ff0cb8c89dfcd216ec4a0f8794dbe75c97a4bbdbf82c1f096e401b57,2
f25011d3b61615ab2246208d862fb5f01e9211b86cb7c0eaa48320e8f8f7a064,2
899c6c601f1a50ae0e3d7ca09ef5aea75b4094be99eb7e1d949a39471a45f481,2
39e7e61f9461ebe84d2d99b34264989061bdc8b44277f07cfbce11e7fdb89ff3,2
e1316aed1b10cac433cb4e3a3bf418fdcde4a0ff75028b4bcdc0fb6c67a98fc5,2
5917aa131e549c6075f2ad64322742c01229491900db5e2112e24c052d4312d2,2
3f96c9e97dc2b3974be8209754e0146aaaf5abfbf5d79ea4ad009dd7b1083cd7,2
a45c9d30e992db169840c6687bd5feede9bbeb0694cab2346c61f8696d6978e1,2
42f35913f947a5dea928771cd11da112f79486009b4b24ed0f9deba99a7781e2,2
e7c4b76532528fcad3c5393c5beada75f1046e18baed83d4826e38bcaeb66095,2
f0336a8c562c8be91081a7913b6f4f40e77dbb6936d5af425a2048a9fb2085da,2
e0cd765c547d9d1f92e8578ecda90dfb29df21c322e442a53896187d761646f1,2
2e3b569b1c2d032c75b3b371c67ae6d85ff76dc8390fed8a511e6f1421540ab1,2
be70d38ecfcdfb6adcdbfbb32939b553d8d83be79a3aac06fe3ec9adfb45a206,2
afdb2eb577ba61787815edc3045198b11ce82f7d205e74031a95449daa2992f8,2
2c809e0f4928ca95f3db305d368a558e681909a1fae7643792c8cc274efba642,2
e0edace3405bf6529d49493e7a35e51840cc29b8a56c40f8bfb09f52163abb45,2
4179e619e67ca7d02f14edd6a6b5f4a459e7a66ab73de21c7bebd59ebe460048,2
3abde8b746aa476e6a42d6388aa0172e99c6c49136221dc084e95711dad1056f,2
8d03dde841cbee8e990c3821a14bd840538aeb53c4434b47ce49eae3e92d7fe2,2
915758c6265369b87d55d86cd14cfb0a91aa1beeca37f59ca535666fe94c426a,2
5c528568a8006944384da706e404e776e7c07866b305c32a2d79bf021e787543,2
cd1ea1c65d1187a6a7f1e8e5b845e48d0350141a0e7315b8b72b88f207a510e6,2
43519f0bdf09d02e4a90cca584420379df15dd1a8a37b0d4f983b5d34f73285d,2
cdef91bca3b5a620feaccab8da5f5366b26260c6e1b1aa90bce56e1719b06d22,2
2d53669dc9804d444ef00e3bf1e7592f74122962a5304401260d2ae1c54873cd,2
4d587e419358f545461680d120da9c596805a523438473c66d399fed2e0131ad,2
e8e78a1335808d607d7f26d54f88983510773fefab4b2e0a216c21223aa5b91c,2
6654e94f9d4adc492f8a44e02a3d4c160ce55bc121075b8920c4c0683edd9535,2
7fb36a83f48df200b726eaa0fe03eed946daed57487f59b1982f1658a8c2bcfb,2
8793b4ee7733ed4c26775e6b82ba22f72d1d9e1dc7544cf4b3e05ca8f76b00c0,2
f433d3fde14aba89c53626973edc66ef4bc19db78cc1d53455abd46e3f0630ca,2
d7e8ba96704b27a1ea4781fb9a100bdd43116ea18c03da7da766be9adab8c51e,2
2b1cad35769d3ebe5ddcfeebc3ef3d315cf416dc6a86a6abfeae08fe3d2f99e8,2
c6ca151ce7b0f82707b2f77a2dc7ede9224ce2854e22cddf6be4b2f924842e29,2
191c94a1b849372c0b1663f06cbfc4cb58c1b9fc7141b88e4cf62059a8ff1d82,2
3a4f318859bcc180a9d12848c12832353af5a0ff61c2c21ffde8745e657a54f2,3
60d4efc48e8ad74b5629f9d9ce80e427def48db38da5a733b766705762e454ae,4
bb7f830b66ac9a47053c206900b199eb30c563b0053f04ddf619d2f4bbbf9b07,3
7aec43ef726cb0324e257f87a349c6276e26cea7f7c41c337083b622dd943b16,3
31277de8a4fa8c66ea38a29b49ccc57b9975ce0c9da1475054aa8de5b793f130,3
dc93c9480dd339388da7df225dee7ab7433a64ef34f3eba9caad1253ea9dc942,3
f588f13595fab7cff9b66f37461f8537e658af7eb892b35306d98d8119002e6a,3
a187f1ce5d3ee18160305018f1096dcedb6d7eb4909d5d5c8bab18cf8a0cf99b,3
79e4b7587f78a50957a70c13dc6e9d94b68ca05533f6b45330aff1a508065acd,3
7c86f6ad223cf160a362db3e9dc0f000e8b5096e8f380ecc6ba6a7640908f451,10
c085f8cd8d4d60acace11fa1930a346be00d197d443c03e69cd2e2f83eeb3e96,2
96d25f00e076fe88714243c36a3faa6f47a7163726d2f7b17659e387fa7b0fac,2
8e9d622b67e24f9509d07cd032a4df88e0ffb761cbbb693dcceb44dcd2fcd5c7,2
5ccde731d299173dcdffe45ef6873e7e3371eb90d08b9ec4f93ac90764335520,5
de471bc80564fbc333097fd3fe19ef28992352203776cd8d01aa1b0db465bf0e,2
78625cc560c471ad570c0280b088d425040c70f7a2a9b8275c644c19f5fc1945,5
b2b80a5d7777c8e3711eaacb09fe3dfa58d63f8bb4b2f6b3c8eb2702b9544a77,2
19c6a806ea155a45439ca86fbe71e7a1a1741c13579e42d5c61165195bb8ab34,2
54d309e232d5bd7f9654089689f932f5dec7ef286f832aafc7b5fe68734f1e89,11
52801e51c10e77c2bc075178c52a71cd43b48d566d8a44486a45564d497cceff,11
a6d0df50d33ae1aab3dc6079cb6dc1b33a1f09cee24603f18f39dfa37f2d23ff,19
c9b1897e20e3b7ded27302009fbdf1bbf2dab9e9bc64ead072bceeba882645e1,2
eab5b5babbb69b73ac695212fef317e18042411bfcb2eafd8a29e2c06a2d8266,2
8f87d1faeccdd8174f91d3606f2b60e85870038105ce00afee6fbadddf3395ec,2
3a7a65a9f2d63422cc440cae32d3609126c9c0a5b140b577d435ed1c1d86202e,2
91e7cd95d24743234a1fade6c8fd8d0ac5ae639598b6760cb52ade93c2f6cb26,2
c24b327fdd944fc827ec9c8da7fb23b29c65db94a454a8b234a3f7cf63f18e9f,2
686d2e72895817fb92c0546a6b553eacc7ab1718c31948d2ed558ac5762691b2,2
d912699bc2dec74fbfc825beddc1cd7c2e8a25358bb4ebe76dfee6f9426155ad,2
8205b3a55e1958abf7d52d451f4cc53089b60ce9878dcd2a90c7fd27e2c230da,2
79474023236f9cace01f6183392d07bf23f1912000d6ff58297865fd203de8e0,3
61da79653c941f50eca36c42bb26d10d9364a3aa1fa7a0c8c6fe01b0ef9cdbbe,10
8d0ddcf8161099fa89e03343d051f25e311ec888e5e666ed09ddd21cc0054603,2
ff9ebfff92056f1b4d4b50452b86a01baf4bfab3fae32afe00b8d0e2464060db,10
3e415bbf8d06d5f21e8867b3adee8031cbff8c505d41adef8743e868340f578c,10
202881c498fd3a3dcbaee1f7791bad68eac3a3a43c3c0344fa854369eb64fb24,2
1c385113d86a4feb61191a16954a125dc2df655ee361675ff84c99be50abba28,24
25128c09398740ff39baf3ab0babba9386f32c92bc529f51e5cd2922c186f8bc,2
5bf169fa12945537e139c271d79a163f4d4ffd3ed80036641f8a5669b8ac2073,10
1957663c731f5131028021f2535fc126c7ad95f40385bf184143e6f779758b29,2
c93ffdb4af400190966a504599cf32c1f285fe735018fa5567d76723c3268ac4,2
11f65459b016e4fac4eef55255e6f9ed201b8c4d889aec87861918ce2106fec5,2
1de4d465b4adabb8654b2ca5d83cba57906f6ec97e515b3edf58d461d6a3bf53,2
619fb240609b852ee0306adf0903d5c9afdc53156bb94e9d3328a067f5c68a64,2
02aa86cc088852e5eb37a8d7131e3e727104815ee45e497ee56a0bab655c72f7,2
e4ce66423f0e6182a6464f23019819dc79a436293e39d07e2e7ef45740f40b7a,2
76e6dec50bef465f9bf09fee54ffefb4f4861aff48bb344e31214966bde8b2be,2
b79e0784d93e5fbdb19617632de58a3ac00c925820a7e402b64fb841e50babd7,2
e03ed4bed427361c1428fd6d9fc006289b5b46b82ec33ef5a432132bccedd3cc,2
07c2b7aa9f0b607530812e7e61ef2370d37a807bdc0070adcd40ae31f22e847e,4
64cd5945fa5314ac74d9bf3f5f8ba17693c8d9cbf655bc7759163a4fba7d06eb,2
afe20f6ab12efc3990d5fa7e28f9b986ba7225b62091b925f5d937ed623fa5ab,2
f2c9f60021368b7dc1d8c56ccd6977ff553ecbd9803c0a76980b5646d50b1de3,2
aa289584476060df68bad22e3ad33c2ea453962da4da1dad8b22eb1d311820fb,7
7c1fa22899cc17aca1c06014831f314565a6c25be7fa23ea17a1823523aa7527,2
d6f612d492bfd0e209e20fd9b2fe88c3fa5e4bd4bd7aa25b012b8ffe3ae5770a,3
af7c70c450e6bf89c42efddec9c55bcf70f584d3e0aa0638ed6e47ddff66d629,5
2fcb185eb34a2c7e38124690f2d46e4ead2ac94ea2cd57bda78a28c9c8020d83,6
17ce805e5c8a1f91191d96095e59ff925e808b25c9f623e6a6022084dc6d92d0,2
186987e305f58a1cefd975eef4a634991cf62963facd836c56b62c7cf352a702,2
c7439ee650ee0f78fc6231772f998b065c292c6f175095772eb5ab136aa6f9be,2
6f62f033cf1d951dbaf88e026fcf537b645b67d759e0f19f07a574889f8649a4,3
bdbf9aa7a28b098c36068e414305a83dd10f9d81ed6070356de5be08c9c54941,2
f48d6ab59ef18ce4003495f28a2f112f94f28b02a12614431130e4e476147bb0,2
0debabfbf2fda4215b4a8c22da1e53fd92a026ba7b35e8bc5d755c43c18ff577,2
6b65bddb38dc73a6ef4c78c10424ffb796d0a0b505974c885665b4fe427acb0a,2
ba3b0acd8c6f3e23e636cbd1b91dc571e9cefcaba7e9a08745b46c479450216e,2
0a917319b3788c30ff728901dc7af7c6249294a4cb6d695fd0fbc61c5d0f1c46,3
c965a2f91bf1b79e2fb6f938670a3542d3562a99d5213aa940cbba6a0de9f72c,2
11c55842c69808e46ab76aa2f8159c091625d875a15f9f2fa90ed3db5e9d8754,3
21ac93bcee11af760ccecfd0fd56087734a72cc64e8737f5a8bee48d62c4e409,2
ee37c9e6a4772fa7d9f3b49b41900493ece3493492f81d6b1af7bc0605a487a2,24
18e239adefbed6f63f0191058a1f4acab2d7d7d6c316c86f8b71087325ea4599,5
